obs,year,period,state,age,fatal,male,female,single,multiple,lnpop,lnpopm,lnpopf,unempl,gdl,gdl3,gdl2,gdl1,beltsc,beltpr,bac08,zerotol,alr,sp70,sp65
1,1990,1,1,16,16,8,8,11,5,10.98,10.31,10.26,6.4,0,0,0,0,0,0,0,0,0,0,0
2,1991,2,1,16,20,14,6,16,4,11,10.33,10.28,6.8,0,0,0,0,0,0,0,0,0,0,0
3,1992,3,1,16,14,9,5,6,8,10.97,10.31,10.25,6.9,0,0,0,0,1,0,0,0,0,0,0
4,1993,4,1,16,14,10,4,9,5,11.01,10.35,10.29,6.6,0,0,0,0,1,0,0,0,0,0,0
5,1994,5,1,16,22,14,8,14,8,11.02,10.35,10.3,5.4,0,0,0,0,1,0,0,0,0,0,0
6,1995,6,1,16,23,14,9,14,9,11.03,10.37,10.31,5.1,0,0,0,0,1,0,0,0,0,0,0
7,1996,7,1,16,18,9,9,11,7,11.07,10.41,10.35,4.5,0,0,0,0,1,0,1,0,0,0,0
8,1997,8,1,16,18,13,5,10,8,11.05,10.39,10.33,4.4,0,0,0,0,1,0,1,1,1,1,1
9,1998,9,1,16,17,11,6,10,7,11.04,10.37,10.31,3.9,0,0,0,0,1,0,1,1,1,1,1
10,1999,10,1,16,16,9,7,9,7,11.01,10.35,10.29,4.2,0,0,0,0,1,0,1,1,1,1,1
11,2000,11,1,16,20,13,7,10,10,11.06,10.39,10.35,4,0,0,0,0,1,1,1,1,1,1,1
12,2001,12,1,16,11,4,7,8,3,11.07,10.4,10.36,4.6,0,0,0,0,1,1,1,1,1,1,1
13,2002,13,1,16,17,12,5,14,3,11.06,10.39,10.35,5.3,0,0,0,0,1,1,1,1,1,1,1
14,2003,14,1,16,16,12,4,11,5,11.05,10.39,10.33,5.4,1,0,1,0,1,1,1,1,1,1,1
15,2004,15,1,16,20,11,9,17,3,11.05,10.38,10.33,5,1,0,1,0,1,1,1,1,1,1,1
16,2005,16,1,16,15,13,2,7,8,11.07,10.4,10.36,3.8,1,0,1,0,1,1,1,1,1,1,1
17,2006,17,1,16,7,2,5,6,1,11.13,10.46,10.41,3.5,1,0,1,0,1,1,1,1,1,1,1
18,2007,18,1,16,10,5,5,9,1,11.1,10.43,10.39,3.4,1,0,1,0,1,1,1,1,1,1,1
19,2008,19,1,16,12,11,1,9,3,11.09,10.41,10.38,5.1,1,0,1,0,1,1,1,1,1,1,1
20,2009,20,1,16,12,5,7,8,4,11.09,10.41,10.37,9.7,1,0,1,0,1,1,1,1,1,1,1
21,1990,1,4,16,5,4,1,1,4,10.81,10.14,10.09,5.2,0,0,0,0,0,0,0,0,0,0,0
22,1991,2,4,16,7,5,2,4,3,10.85,10.18,10.12,5.9,0,0,0,0,1,0,0,1,0,0,0
23,1992,3,4,16,2,2,0,1,1,10.84,10.18,10.12,7.4,0,0,0,0,1,0,0,1,0,0,0
24,1993,4,4,16,2,1,1,2,0,10.91,10.25,10.19,6.3,0,0,0,0,1,0,0,1,0,0,0
25,1994,5,4,16,4,2,2,1,3,10.92,10.26,10.2,6.1,0,0,0,0,1,0,0,1,0,0,0
26,1995,6,4,16,13,8,5,9,4,11,10.33,10.27,5.4,0,0,0,0,1,0,0,1,0,0,0
27,1996,7,4,16,7,6,1,3,4,11.07,10.41,10.35,5.5,0,0,0,0,1,0,0,1,0,1,0
28,1997,8,4,16,6,5,1,5,1,11.09,10.42,10.36,4.6,0,0,0,0,1,0,0,1,0,1,0
29,1998,9,4,16,7,2,5,3,4,11.14,10.48,10.42,4.3,0,0,0,0,1,0,0,1,0,1,0
30,1999,10,4,16,4,4,0,1,3,11.17,10.5,10.45,4.5,0,0,0,0,1,0,0,1,0,1,0
31,2000,11,4,16,6,4,2,3,3,11.18,10.52,10.44,4.1,0,0,0,0,1,0,0,1,0,1,0
32,2001,12,4,16,5,1,4,4,1,11.23,10.57,10.5,4.7,0,0,0,0,1,0,0,1,0,1,0
33,2002,13,4,16,6,4,2,5,1,11.25,10.59,10.53,6,0,0,0,0,1,0,1,1,1,1,0
34,2003,14,4,16,8,6,2,5,3,11.27,10.6,10.55,5.7,0,0,0,0,1,0,1,1,1,1,0
35,2004,15,4,16,6,3,3,4,2,11.3,10.64,10.58,5,0,0,0,0,1,0,1,1,1,1,0
36,2005,16,4,16,3,2,1,0,3,11.34,10.68,10.61,4.7,0,0,0,0,1,0,1,1,1,1,0
37,2006,17,4,16,4,2,2,3,1,11.41,10.75,10.69,4.1,0,0,0,0,1,0,1,1,1,1,0
38,2007,18,4,16,5,1,4,3,2,11.41,10.75,10.69,3.8,0,0,0,0,1,0,1,1,1,1,0
39,2008,19,4,16,2,0,2,1,1,11.42,10.76,10.7,5.9,0,0,0,0,1,0,1,1,1,1,0
40,2009,20,4,16,4,0,4,2,2,11.42,10.76,10.7,9.7,1,0,1,0,1,0,1,1,1,1,0
41,1990,1,5,16,6,4,2,4,2,10.45,9.8,9.71,6.8,0,0,0,0,0,0,0,0,0,0,0
42,1991,2,5,16,9,5,4,6,3,10.47,9.82,9.73,7.2,0,0,0,0,0,0,0,0,0,0,0
43,1992,3,5,16,6,5,1,3,3,10.46,9.81,9.72,7.1,0,0,0,0,1,0,0,0,0,0,0
44,1993,4,5,16,6,3,3,3,3,10.51,9.86,9.77,6.1,0,0,0,0,1,0,0,0,0,0,0
45,1994,5,5,16,6,4,2,3,3,10.51,9.87,9.77,5.3,0,0,0,0,1,0,0,1,0,0,0
46,1995,6,5,16,9,8,1,8,1,10.55,9.9,9.81,4.8,0,0,0,0,1,0,0,1,0,0,0
47,1996,7,5,16,7,3,4,4,3,10.6,9.95,9.86,5.1,0,0,0,0,1,0,0,1,0,0,0
48,1997,8,5,16,11,6,5,4,7,10.59,9.94,9.85,5.1,0,0,0,0,1,0,0,1,0,1,0
49,1998,9,5,16,5,1,4,3,2,10.59,9.94,9.85,5,0,0,0,0,1,0,0,1,0,1,0
50,1999,10,5,16,8,7,1,6,2,10.58,9.93,9.84,4.5,0,0,0,0,1,0,0,1,0,1,0
51,2000,11,5,16,10,3,7,6,4,10.59,9.93,9.86,4.2,1,1,0,0,1,0,0,1,0,1,0
52,2001,12,5,16,6,3,3,5,1,10.59,9.93,9.86,4.7,1,1,0,0,1,0,0,1,0,1,0
53,2002,13,5,16,18,13,5,12,6,10.58,9.92,9.85,5.3,1,1,0,0,1,0,1,1,1,1,0
54,2003,14,5,16,7,3,4,5,2,10.57,9.9,9.85,5.8,1,1,0,0,1,0,1,1,1,1,0
55,2004,15,5,16,6,2,4,3,3,10.58,9.92,9.85,5.6,1,1,0,0,1,0,1,1,1,1,0
56,2005,16,5,16,11,7,4,6,5,10.59,9.92,9.86,5.1,1,1,0,0,1,0,1,1,1,1,0
57,2006,17,5,16,4,2,2,2,2,10.63,9.96,9.91,5.3,1,1,0,0,1,0,1,1,1,1,0
58,2007,18,5,16,8,6,2,5,3,10.62,9.96,9.89,5.2,1,1,0,0,1,0,1,1,1,1,0
59,2008,19,5,16,6,4,2,5,1,10.6,9.94,9.88,5.3,1,1,0,0,1,0,1,1,1,1,0
60,2009,20,5,16,6,5,1,4,2,10.59,9.91,9.87,7.4,1,0,0,0,1,0,1,1,1,1,1
61,1990,1,6,16,32,21,11,19,13,12.85,12.2,12.12,5.8,0,0,0,0,1,0,0,0,0,0,0
62,1991,2,6,16,34,26,8,21,13,12.88,12.23,12.14,7.8,0,0,0,0,1,0,1,1,1,0,0
63,1992,3,6,16,29,21,8,14,15,12.86,12.21,12.12,9.4,0,0,0,0,1,0,1,1,1,0,0
64,1993,4,6,16,29,15,14,19,10,12.9,12.24,12.16,9.6,0,0,0,0,1,1,1,1,1,0,0
65,1994,5,6,16,30,24,6,14,16,12.89,12.24,12.16,8.6,0,0,0,0,1,1,1,1,1,0,0
66,1995,6,6,16,18,14,4,14,4,12.92,12.27,12.19,7.9,0,0,0,0,1,1,1,1,1,0,0
67,1996,7,6,16,27,16,11,13,14,12.98,12.33,12.25,7.3,0,0,0,0,1,1,1,1,1,1,1
68,1997,8,6,16,18,10,8,12,6,12.98,12.33,12.25,6.4,0,0,0,0,1,1,1,1,1,1,1
69,1998,9,6,16,27,15,12,15,12,13,12.35,12.27,6,0,0,0,0,1,1,1,1,1,1,1
70,1999,10,6,16,22,15,7,11,11,13,12.35,12.26,5.3,1,0,0,1,1,1,1,1,1,1,1
71,2000,11,6,16,21,12,9,14,7,13.09,12.43,12.36,5,1,0,0,1,1,1,1,1,1,1,1
72,2001,12,6,16,16,9,7,11,5,13.12,12.45,12.4,5.4,1,0,0,1,1,1,1,1,1,1,1
73,2002,13,6,16,23,16,7,17,6,13.12,12.46,12.4,6.7,1,0,0,1,1,1,1,1,1,1,1
74,2003,14,6,16,22,15,7,12,10,13.13,12.47,12.41,6.9,1,0,0,1,1,1,1,1,1,1,1
75,2004,15,6,16,20,12,8,12,8,13.16,12.49,12.44,6.2,1,0,0,1,1,1,1,1,1,1,1
76,2005,16,6,16,28,14,14,16,12,13.18,12.51,12.46,5.4,1,0,0,1,1,1,1,1,1,1,1
77,2006,17,6,16,21,14,7,16,5,13.23,12.56,12.51,4.9,1,0,0,1,1,1,1,1,1,1,1
78,2007,18,6,16,12,10,2,7,5,13.22,12.55,12.5,5.4,1,0,0,1,1,1,1,1,1,1,1
79,2008,19,6,16,8,4,4,5,3,13.21,12.54,12.49,7.2,1,0,0,1,1,1,1,1,1,1,1
80,2009,20,6,16,7,6,1,4,3,13.19,12.52,12.47,11.3,1,0,0,1,1,1,1,1,1,1,1
81,1990,1,8,16,5,4,1,2,3,10.66,10,9.94,5.2,0,0,0,0,1,0,0,0,0,0,0
82,1991,2,8,16,6,3,3,4,2,10.7,10.04,9.97,5.4,0,0,0,0,1,0,0,0,0,0,0
83,1992,3,8,16,3,1,2,2,1,10.72,10.06,10,6,0,0,0,0,1,0,0,0,0,0,0
84,1993,4,8,16,10,8,2,7,3,10.78,10.12,10.06,5.3,0,0,0,0,1,0,0,0,0,0,0
85,1994,5,8,16,6,3,3,5,1,10.8,10.14,10.08,4.2,0,0,0,0,1,0,0,0,0,0,0
86,1995,6,8,16,10,6,4,6,4,10.85,10.19,10.12,4,0,0,0,0,1,0,0,0,0,0,0
87,1996,7,8,16,10,7,3,3,7,10.92,10.26,10.19,4.2,0,0,0,0,1,0,0,0,0,0,0
88,1997,8,8,16,12,6,6,6,6,10.95,10.29,10.22,3.4,0,0,0,0,1,0,0,0,0,1,1
89,1998,9,8,16,10,7,3,5,5,11.01,10.34,10.28,3.6,0,0,0,0,1,0,0,1,0,1,1
90,1999,10,8,16,11,8,3,8,3,11.03,10.37,10.3,3.1,0,0,0,0,1,0,0,1,0,1,1
91,2000,11,8,16,2,1,1,1,1,11.02,10.36,10.29,2.8,1,0,1,0,1,0,0,1,1,1,1
92,2001,12,8,16,2,1,1,0,2,11.06,10.4,10.33,3.8,1,0,1,0,1,0,0,1,1,1,1
93,2002,13,8,16,9,6,3,8,1,11.06,10.4,10.34,5.6,1,0,1,0,1,0,0,1,1,1,1
94,2003,14,8,16,13,7,6,5,8,11.07,10.41,10.34,6.1,1,0,1,0,1,0,0,1,1,1,1
95,2004,15,8,16,9,6,3,3,6,11.07,10.4,10.34,5.6,1,0,1,0,1,0,0,1,1,1,1
96,2005,16,8,16,2,1,1,1,1,11.07,10.4,10.35,5.1,1,0,0,0,1,0,1,1,1,1,1
97,2006,17,8,16,7,3,4,4,3,11.11,10.45,10.39,4.3,1,0,0,1,1,0,1,1,1,1,1
98,2007,18,8,16,3,3,0,1,2,11.1,10.44,10.38,3.7,1,0,0,1,1,0,1,1,1,1,1
99,2008,19,8,16,2,2,0,1,1,11.1,10.43,10.38,4.8,1,0,0,1,1,0,1,1,1,1,1
100,2009,20,8,16,4,2,2,3,1,11.09,10.42,10.38,8.3,1,0,0,1,1,0,1,1,1,1,1
101,1990,1,9,16,4,4,0,2,2,10.55,9.89,9.82,4.9,0,0,0,0,1,1,0,0,0,0,0
102,1991,2,9,16,2,1,1,0,2,10.56,9.9,9.84,6.4,0,0,0,0,1,1,0,0,0,0,0
103,1992,3,9,16,3,2,1,1,2,10.53,9.87,9.81,7.3,0,0,0,0,1,1,0,0,0,0,0
104,1993,4,9,16,5,5,0,3,2,10.57,9.91,9.85,6.4,0,0,0,0,1,1,0,0,0,0,0
105,1994,5,9,16,0,0,0,0,0,10.57,9.91,9.85,5.4,0,0,0,0,1,1,0,0,0,0,0
106,1995,6,9,16,3,3,0,3,0,10.61,9.95,9.88,5.2,0,0,0,0,1,1,0,0,0,0,0
107,1996,7,9,16,4,2,2,3,1,10.63,9.97,9.9,5.3,0,0,0,0,1,1,0,0,0,0,0
108,1997,8,9,16,2,1,1,2,0,10.62,9.96,9.89,4.8,1,1,0,0,1,1,0,0,0,0,0
109,1998,9,9,16,2,2,0,2,0,10.68,10.02,9.96,3.3,1,1,0,0,1,1,0,1,0,0,0
110,1999,10,9,16,2,1,1,2,0,10.72,10.06,9.99,2.6,1,1,0,0,1,1,0,1,0,0,1
111,2000,11,9,16,2,2,0,2,0,10.69,10.03,9.96,2.3,1,1,0,0,1,1,0,1,0,0,1
112,2001,12,9,16,2,1,1,0,2,10.73,10.06,10,3.1,1,1,0,0,1,1,0,1,0,0,1
113,2002,13,9,16,5,3,2,5,0,10.75,10.08,10.04,4.4,1,1,0,0,1,1,0,1,0,0,1
114,2003,14,9,16,1,0,1,0,1,10.76,10.09,10.04,5.5,1,1,0,0,1,1,1,1,1,0,1
115,2004,15,9,16,3,3,0,3,0,10.79,10.12,10.07,4.9,1,1,0,0,1,1,1,1,1,0,1
116,2005,16,9,16,1,1,0,1,0,10.81,10.14,10.09,4.9,1,1,0,0,1,1,1,1,1,0,1
117,2006,17,9,16,1,1,0,0,1,10.85,10.18,10.14,4.4,1,0,0,1,1,1,1,1,1,0,1
118,2007,18,9,16,3,2,1,2,1,10.83,10.16,10.1,4.6,1,0,0,1,1,1,1,1,1,0,1
119,2008,19,9,16,2,2,0,2,0,10.81,10.14,10.09,5.6,1,0,0,1,1,1,1,1,1,0,1
120,2009,20,9,16,3,1,2,3,0,10.8,10.13,10.09,8.3,1,0,0,1,1,1,1,1,1,0,1
121,1990,1,10,16,0,0,0,0,0,8.99,8.32,8.27,4.2,0,0,0,0,0,0,0,0,0,0,0
122,1991,2,10,16,0,0,0,0,0,9.02,8.36,8.3,5.8,0,0,0,0,0,0,0,0,0,0,0
123,1992,3,10,16,0,0,0,0,0,9.03,8.36,8.31,5.5,0,0,0,0,1,0,0,0,0,0,0
124,1993,4,10,16,2,1,1,0,2,9.06,8.4,8.34,5,0,0,0,0,1,0,0,0,0,0,0
125,1994,5,10,16,0,0,0,0,0,9.08,8.41,8.36,4.7,0,0,0,0,1,0,0,0,0,0,0
126,1995,6,10,16,2,2,0,1,1,9.11,8.44,8.39,4.3,0,0,0,0,1,0,0,0,0,0,0
127,1996,7,10,16,1,1,0,0,1,9.16,8.5,8.44,4.9,0,0,0,0,1,0,0,0,0,0,1
128,1997,8,10,16,1,1,0,0,1,9.16,8.49,8.44,3.9,0,0,0,0,1,0,0,0,0,0,1
129,1998,9,10,16,4,2,2,2,2,9.19,8.52,8.46,3.6,0,0,0,0,1,0,0,0,0,0,1
130,1999,10,10,16,1,1,0,0,1,9.2,8.53,8.48,3.2,0,0,0,0,1,0,0,1,0,0,1
131,2000,11,10,16,2,2,0,2,0,9.27,8.62,8.54,3.3,1,0,1,0,1,0,0,1,0,0,1
132,2001,12,10,16,1,1,0,0,1,9.3,8.65,8.56,3.4,1,0,1,0,1,0,0,1,0,0,1
133,2002,13,10,16,4,3,1,4,0,9.31,8.64,8.59,3.9,1,0,1,0,1,0,0,1,0,0,1
134,2003,14,10,16,1,1,0,1,0,9.29,8.62,8.58,4.1,1,0,1,0,1,0,0,1,0,0,1
135,2004,15,10,16,5,2,3,3,2,9.33,8.65,8.63,3.9,1,0,1,0,1,1,0,1,0,0,1
136,2005,16,10,16,1,1,0,0,1,9.36,8.69,8.64,3.9,1,0,1,0,1,1,1,1,0,0,1
137,2006,17,10,16,0,0,0,0,0,9.41,8.74,8.69,3.6,1,0,1,0,1,1,1,1,0,0,1
138,2007,18,10,16,1,1,0,1,0,9.42,8.76,8.69,3.5,1,0,0,1,1,1,1,1,0,0,1
139,2008,19,10,16,0,0,0,0,0,9.38,8.71,8.67,5,1,0,0,1,1,1,1,1,1,0,1
140,2009,20,10,16,0,0,0,0,0,9.39,8.71,8.68,8,1,0,0,1,1,1,1,1,1,0,1
141,1990,1,12,16,22,19,3,13,9,11.95,11.28,11.22,6.2,0,0,0,0,1,0,0,0,0,0,0
142,1991,2,12,16,16,12,4,8,8,11.96,11.3,11.23,7.6,0,0,0,0,1,0,0,0,1,0,0
143,1992,3,12,16,24,16,8,15,9,11.94,11.28,11.22,8.4,0,0,0,0,1,0,0,0,1,0,0
144,1993,4,12,16,17,11,6,11,6,12,11.34,11.28,7.2,0,0,0,0,1,0,0,0,1,0,0
145,1994,5,12,16,14,12,2,8,6,12.02,11.36,11.3,6.5,0,0,0,0,1,0,1,0,1,0,0
146,1995,6,12,16,15,12,3,8,7,12.06,11.4,11.33,5.7,0,0,0,0,1,0,1,0,1,0,0
147,1996,7,12,16,24,17,7,11,13,12.11,11.45,11.39,5.3,0,0,0,0,1,0,1,0,1,1,1
148,1997,8,12,16,23,16,7,10,13,12.14,11.48,11.41,5,1,0,1,0,1,0,1,1,1,1,1
149,1998,9,12,16,24,14,10,12,12,12.18,11.52,11.45,4.5,1,0,1,0,1,0,1,1,1,1,1
150,1999,10,12,16,20,11,9,12,8,12.2,11.53,11.47,4,1,0,1,0,1,0,1,1,1,1,1
151,2000,11,12,16,26,18,8,11,15,12.22,11.56,11.5,3.8,1,0,1,0,1,0,1,1,1,1,1
152,2001,12,12,16,18,13,5,7,11,12.27,11.6,11.54,4.7,1,0,1,0,1,0,1,1,1,1,1
153,2002,13,12,16,19,12,7,12,7,12.28,11.61,11.56,5.7,1,0,1,0,1,0,1,1,1,1,1
154,2003,14,12,16,28,21,7,16,12,12.29,11.62,11.57,5.3,1,0,1,0,1,0,1,1,1,1,1
155,2004,15,12,16,25,17,8,19,6,12.32,11.66,11.61,4.6,1,0,1,0,1,0,1,1,1,1,1
156,2005,16,12,16,22,16,6,10,12,12.37,11.7,11.64,3.8,1,0,1,0,1,0,1,1,1,1,1
157,2006,17,12,16,18,14,4,12,6,12.41,11.75,11.7,3.3,1,0,1,0,1,0,1,1,1,1,1
158,2007,18,12,16,14,7,7,10,4,12.39,11.72,11.68,4,1,0,1,0,1,0,1,1,1,1,1
159,2008,19,12,16,14,10,4,7,7,12.37,11.7,11.64,6.2,1,0,1,0,1,0,1,1,1,1,1
160,2009,20,12,16,6,4,2,3,3,12.35,11.69,11.63,10.2,1,0,1,0,1,0,1,1,1,1,1
161,1990,1,13,16,16,12,4,7,9,11.44,10.77,10.71,5.2,0,0,0,0,1,0,0,0,0,0,0
162,1991,2,13,16,18,14,4,12,6,11.44,10.78,10.72,5,0,0,0,0,1,0,0,0,0,0,0
163,1992,3,13,16,18,14,4,10,8,11.42,10.76,10.7,6.7,0,0,0,0,1,0,0,1,0,0,0
164,1993,4,13,16,30,25,5,19,11,11.49,10.82,10.76,5.9,0,0,0,0,1,0,0,1,0,0,0
165,1994,5,13,16,21,13,8,13,8,11.51,10.85,10.79,5.1,0,0,0,0,1,0,0,1,0,0,0
166,1995,6,13,16,35,24,11,24,11,11.54,10.88,10.82,4.7,0,0,0,0,1,0,0,1,0,0,0
167,1996,7,13,16,31,21,10,17,14,11.6,10.94,10.88,4.6,0,0,0,0,1,0,0,1,0,0,0
168,1997,8,13,16,24,12,12,17,7,11.6,10.94,10.88,4.5,0,0,0,0,1,1,0,1,0,1,1
169,1998,9,13,16,19,13,6,16,3,11.62,10.96,10.9,4.2,1,0,1,0,1,1,0,1,0,1,1
170,1999,10,13,16,18,8,10,12,6,11.63,10.96,10.91,3.8,1,0,1,0,1,1,0,1,0,1,1
171,2000,11,13,16,23,14,9,14,9,11.66,11.01,10.94,3.5,1,0,1,0,1,1,0,1,0,1,1
172,2001,12,13,16,26,20,6,12,14,11.71,11.05,10.98,3.9,1,0,1,0,1,1,0,1,0,1,1
173,2002,13,13,16,15,10,5,8,7,11.72,11.05,10.99,4.8,1,0,0,1,1,1,1,1,1,1,1
174,2003,14,13,16,31,19,12,25,6,11.73,11.06,11.02,4.8,1,0,0,1,1,1,1,1,1,1,1
175,2004,15,13,16,14,9,5,10,4,11.76,11.09,11.04,4.7,1,0,0,1,1,1,1,1,1,1,1
176,2005,16,13,16,18,10,8,11,7,11.8,11.13,11.08,5.2,1,0,0,1,1,1,1,1,1,1,1
177,2006,17,13,16,15,10,5,13,2,11.86,11.19,11.14,4.7,1,0,0,1,1,1,1,1,1,1,1
178,2007,18,13,16,10,7,3,7,3,11.86,11.18,11.14,4.7,1,0,0,1,1,1,1,1,1,1,1
179,2008,19,13,16,12,11,1,9,3,11.85,11.17,11.14,6.4,1,0,0,1,1,1,1,1,1,1,1
180,2009,20,13,16,8,6,2,5,3,11.86,11.18,11.14,9.7,1,0,0,1,1,1,1,1,1,1,1
181,1990,1,16,16,4,2,2,3,1,9.68,9.03,8.95,5.5,0,0,0,0,1,0,0,0,0,0,0
182,1991,2,16,16,2,0,2,0,2,9.75,9.1,9.02,6,0,0,0,0,1,0,0,0,0,0,0
183,1992,3,16,16,2,1,1,1,1,9.78,9.12,9.05,6.4,0,0,0,0,1,0,0,0,0,0,0
184,1993,4,16,16,0,0,0,0,0,9.87,9.22,9.14,6,0,0,0,0,1,0,0,0,0,0,0
185,1994,5,16,16,3,2,1,3,0,9.91,9.25,9.17,5.4,0,0,0,0,1,0,0,0,0,0,0
186,1995,6,16,16,9,7,2,5,4,9.96,9.3,9.22,5.3,0,0,0,0,1,0,0,1,1,0,0
187,1996,7,16,16,7,5,2,3,4,10,9.34,9.26,5.3,0,0,0,0,1,0,0,1,1,0,0
188,1997,8,16,16,2,1,1,2,0,9.99,9.34,9.26,5.1,0,0,0,0,1,0,0,1,1,1,1
189,1998,9,16,16,4,3,1,2,2,10.01,9.36,9.28,5.1,0,0,0,0,1,0,1,1,1,1,1
190,1999,10,16,16,1,1,0,1,0,10,9.34,9.26,4.9,0,0,0,0,1,0,1,1,1,1,1
191,2000,11,16,16,4,3,1,2,2,10,9.34,9.27,4.7,0,0,0,0,1,0,1,1,1,1,1
192,2001,12,16,16,6,2,4,2,4,10.01,9.35,9.29,4.9,1,1,0,0,1,0,1,1,1,1,1
193,2002,13,16,16,2,1,1,2,0,9.98,9.33,9.25,5.4,1,1,0,0,1,0,1,1,1,1,1
194,2003,14,16,16,3,2,1,1,2,9.97,9.3,9.25,5.2,1,1,0,0,1,0,1,1,1,1,1
195,2004,15,16,16,3,0,3,2,1,9.98,9.32,9.25,4.6,1,1,0,0,1,0,1,1,1,1,1
196,2005,16,16,16,4,2,2,3,1,10,9.33,9.29,3.7,1,1,0,0,1,0,1,1,1,1,1
197,2006,17,16,16,1,0,1,0,1,10.04,9.38,9.31,3,1,1,0,0,1,0,1,1,1,1,1
198,2007,18,16,16,4,3,1,4,0,10.04,9.38,9.31,2.9,1,1,0,0,1,0,1,1,1,1,1
199,2008,19,16,16,4,2,2,3,1,10.03,9.37,9.3,4.8,1,1,0,0,1,0,1,1,1,1,1
200,2009,20,16,16,0,0,0,0,0,10.02,9.36,9.3,7.7,1,1,0,0,1,0,1,1,1,1,1
201,1990,1,17,16,26,18,8,18,8,11.92,11.26,11.19,6.3,0,0,0,0,1,0,0,0,1,0,0
202,1991,2,17,16,17,8,9,12,5,11.94,11.28,11.22,7.2,0,0,0,0,1,0,0,0,1,0,0
203,1992,3,17,16,19,10,9,11,8,11.93,11.27,11.21,7.9,0,0,0,0,1,0,0,0,1,0,0
204,1993,4,17,16,24,18,6,14,10,11.97,11.31,11.25,7.4,0,0,0,0,1,0,0,0,1,0,0
205,1994,5,17,16,23,13,10,14,9,11.98,11.32,11.25,5.8,0,0,0,0,1,0,0,0,1,0,0
206,1995,6,17,16,20,13,7,11,9,12.01,11.35,11.28,5.2,0,0,0,0,1,0,0,1,1,0,0
207,1996,7,17,16,19,13,6,9,10,12.07,11.41,11.34,5.3,0,0,0,0,1,0,0,1,1,0,1
208,1997,8,17,16,22,14,8,9,13,12.07,11.4,11.34,4.8,0,0,0,0,1,0,0,1,1,0,1
209,1998,9,17,16,16,10,6,8,8,12.07,11.41,11.35,4.5,1,0,1,0,1,0,1,1,1,0,1
210,1999,10,17,16,20,15,5,14,6,12.07,11.4,11.34,4.5,1,0,1,0,1,0,1,1,1,0,1
211,2000,11,17,16,16,7,9,9,7,12.08,11.42,11.35,4.5,1,0,1,0,1,0,1,1,1,0,1
212,2001,12,17,16,15,10,5,9,6,12.1,11.44,11.37,5.4,1,0,1,0,1,0,1,1,1,0,1
213,2002,13,17,16,25,16,9,14,11,12.09,11.42,11.37,6.6,1,0,1,0,1,0,1,1,1,0,1
214,2003,14,17,16,25,14,11,15,10,12.08,11.41,11.36,6.7,1,0,1,0,1,0,1,1,1,0,1
215,2004,15,17,16,14,9,5,10,4,12.1,11.43,11.37,6.2,1,0,1,0,1,1,1,1,1,0,1
216,2005,16,17,16,18,9,9,14,4,12.11,11.44,11.39,5.8,1,0,1,0,1,1,1,1,1,0,1
217,2006,17,17,16,15,10,5,11,4,12.14,11.47,11.43,4.7,1,0,1,0,1,1,1,1,1,0,1
218,2007,18,17,16,20,13,7,12,8,12.13,11.46,11.4,5.1,1,0,1,0,1,1,1,1,1,0,1
219,2008,19,17,16,7,5,2,6,1,12.11,11.44,11.39,6.4,1,0,0,1,1,1,1,1,1,0,1
220,2009,20,17,16,7,6,1,4,3,12.1,11.44,11.38,10,1,0,0,1,1,1,1,1,1,0,1
221,1990,1,18,16,20,17,3,10,10,11.25,10.59,10.53,5,0,0,0,0,1,0,0,0,0,0,0
222,1991,2,18,16,16,9,7,11,5,11.28,10.61,10.56,5.6,0,0,0,0,1,0,0,0,0,0,0
223,1992,3,18,16,17,13,4,10,7,11.26,10.59,10.54,6,0,0,0,0,1,0,0,0,0,0,0
224,1993,4,18,16,18,14,4,7,11,11.3,10.63,10.58,5,0,0,0,0,1,0,0,0,0,0,0
225,1994,5,18,16,19,10,9,7,12,11.32,10.65,10.59,4.5,0,0,0,0,1,0,0,0,0,0,0
226,1995,6,18,16,12,9,3,6,6,11.34,10.68,10.62,4.3,0,0,0,0,1,0,0,0,0,0,0
227,1996,7,18,16,29,18,11,14,15,11.39,10.72,10.67,3.9,0,0,0,0,1,0,0,0,0,0,0
228,1997,8,18,16,28,22,6,21,7,11.38,10.72,10.66,3.3,0,0,0,0,1,0,0,1,0,0,0
229,1998,9,18,16,11,3,8,5,6,11.4,10.73,10.68,2.9,0,0,0,0,1,0,0,1,0,0,0
230,1999,10,18,16,19,8,11,11,8,11.4,10.73,10.68,2.9,1,0,1,0,1,1,0,1,0,0,0
231,2000,11,18,16,15,11,4,8,7,11.37,10.71,10.65,2.9,1,0,1,0,1,1,0,1,0,0,0
232,2001,12,18,16,20,12,8,11,9,11.4,10.74,10.67,4.2,1,0,1,0,1,1,0,1,0,0,0
233,2002,13,18,16,13,6,7,7,6,11.39,10.72,10.68,5.2,1,0,1,0,1,1,1,1,1,0,0
234,2003,14,18,16,16,13,3,12,4,11.38,10.71,10.66,5.3,1,0,1,0,1,1,1,1,1,0,0
235,2004,15,18,16,24,16,8,19,5,11.39,10.72,10.67,5.3,1,0,1,0,1,1,1,1,1,0,0
236,2005,16,18,16,14,9,5,11,3,11.41,10.74,10.69,5.3,1,0,1,0,1,1,1,1,1,0,0
237,2006,17,18,16,18,8,10,14,4,11.45,10.79,10.72,5,1,0,1,0,1,1,1,1,1,1,1
238,2007,18,18,16,5,5,0,4,1,11.43,10.76,10.72,4.6,1,0,1,0,1,1,1,1,1,1,1
239,2008,19,18,16,11,5,6,7,4,11.42,10.76,10.7,6,1,0,1,0,1,1,1,1,1,1,1
240,2009,20,18,16,5,2,3,3,2,11.41,10.74,10.69,10.4,1,0,1,0,1,1,1,1,1,1,1
241,1990,1,19,16,5,4,1,2,3,10.51,9.84,9.79,4.5,0,0,0,0,1,1,0,0,0,0,0
242,1991,2,19,16,5,3,2,3,2,10.57,9.9,9.85,4.6,0,0,0,0,1,1,0,0,0,0,0
243,1992,3,19,16,12,9,3,8,4,10.56,9.89,9.85,4.5,0,0,0,0,1,1,0,0,0,0,0
244,1993,4,19,16,13,7,6,7,6,10.62,9.95,9.9,4.2,0,0,0,0,1,1,0,0,0,0,0
245,1994,5,19,16,10,5,5,6,4,10.64,9.97,9.92,3.7,0,0,0,0,1,1,0,0,0,0,0
246,1995,6,19,16,9,6,3,5,4,10.67,10,9.96,3.6,0,0,0,0,1,1,0,0,0,0,0
247,1996,7,19,16,15,9,6,11,4,10.73,10.06,10.01,3.6,0,0,0,0,1,1,0,1,0,0,0
248,1997,8,19,16,9,6,3,4,5,10.72,10.05,10.01,3.1,0,0,0,0,1,1,0,1,0,0,0
249,1998,9,19,16,10,5,5,5,5,10.73,10.06,10.01,2.9,0,0,0,0,1,1,0,1,0,0,0
250,1999,10,19,16,12,5,7,4,8,10.73,10.05,10.01,2.6,1,0,1,0,1,1,0,1,0,0,0
251,2000,11,19,16,6,2,4,1,5,10.68,10.02,9.96,2.8,1,0,1,0,1,1,0,1,0,0,0
252,2001,12,19,16,9,5,4,3,6,10.7,10.03,9.97,3.3,1,0,1,0,1,1,0,1,0,0,0
253,2002,13,19,16,5,2,3,4,1,10.67,10,9.95,3.9,1,0,1,0,1,1,0,1,0,0,0
254,2003,14,19,16,5,5,0,3,2,10.64,9.98,9.92,4.4,1,0,1,0,1,1,0,1,0,0,0
255,2004,15,19,16,2,1,1,0,2,10.64,9.98,9.91,4.7,1,0,1,0,1,1,1,1,1,0,0
256,2005,16,19,16,4,2,2,4,0,10.65,9.99,9.93,4.3,1,0,1,0,1,1,1,1,1,0,0
257,2006,17,19,16,10,5,5,2,8,10.68,10.01,9.95,3.7,1,0,1,0,1,1,1,1,1,1,1
258,2007,18,19,16,2,2,0,1,1,10.66,10,9.93,3.8,1,0,1,0,1,1,1,1,1,1,1
259,2008,19,19,16,5,3,2,0,5,10.64,9.97,9.93,4.3,1,0,1,0,1,1,1,1,1,1,1
260,2009,20,19,16,4,2,2,3,1,10.63,9.97,9.9,5.6,1,0,1,0,1,1,1,1,1,1,1
261,1990,1,20,16,7,3,4,2,5,10.37,9.71,9.65,4.4,0,0,0,0,1,0,0,0,1,0,0
262,1991,2,20,16,6,5,1,3,3,10.43,9.76,9.7,4.5,0,0,0,0,1,0,0,0,1,0,0
263,1992,3,20,16,12,7,5,6,6,10.43,9.77,9.71,4.6,0,0,0,0,1,0,0,0,1,0,0
264,1993,4,20,16,11,8,3,7,4,10.49,9.83,9.77,5,0,0,0,0,1,0,0,0,1,0,0
265,1994,5,20,16,5,2,3,3,2,10.5,9.84,9.78,4.9,0,0,0,0,1,0,1,0,1,0,0
266,1995,6,20,16,4,3,1,1,3,10.54,9.88,9.82,4.4,0,0,0,0,1,0,1,0,1,0,0
267,1996,7,20,16,13,9,4,11,2,10.61,9.94,9.88,4.4,0,0,0,0,1,0,1,0,1,1,1
268,1997,8,20,16,10,4,6,4,6,10.62,9.96,9.9,3.9,0,0,0,0,1,0,1,0,1,1,1
269,1998,9,20,16,8,7,1,5,3,10.65,9.99,9.93,3.8,0,0,0,0,1,0,1,1,1,1,1
270,1999,10,20,16,7,5,2,5,2,10.65,9.99,9.93,3.6,0,0,0,0,1,0,1,1,1,1,1
271,2000,11,20,16,5,2,3,2,3,10.63,9.95,9.92,3.8,0,1,0,0,1,0,1,1,1,1,1
272,2001,12,20,16,15,7,8,10,5,10.65,9.99,9.93,4.3,0,1,0,0,1,0,1,1,1,1,1
273,2002,13,20,16,9,6,3,5,4,10.63,9.97,9.91,5.1,0,1,0,0,1,0,1,1,1,1,1
274,2003,14,20,16,9,6,3,6,3,10.62,9.96,9.9,5.6,0,1,0,0,1,0,1,1,1,1,1
275,2004,15,20,16,5,2,3,2,3,10.6,9.93,9.88,5.6,0,1,0,0,1,0,1,1,1,1,1
276,2005,16,20,16,9,2,7,3,6,10.61,9.95,9.89,5.1,0,1,0,0,1,0,1,1,1,1,1
277,2006,17,20,16,8,3,5,8,0,10.63,9.97,9.91,4.4,0,1,0,0,1,0,1,1,1,1,1
278,2007,18,20,16,3,2,1,2,1,10.58,9.92,9.86,4.1,0,1,0,0,1,0,1,1,1,1,1
279,2008,19,20,16,3,3,0,2,1,10.59,9.92,9.87,4.6,0,1,0,0,1,0,1,1,1,1,1
280,2009,20,20,16,7,6,1,3,4,10.56,9.9,9.84,7.1,0,1,0,0,1,0,1,1,1,1,1
281,1990,1,21,16,19,16,3,15,4,10.87,10.21,10.14,6.1,0,0,0,0,0,0,0,0,0,0,0
282,1991,2,21,16,8,4,4,4,4,10.89,10.23,10.17,7.3,0,0,0,0,0,0,0,0,0,0,0
283,1992,3,21,16,10,6,4,7,3,10.89,10.23,10.17,7,0,0,0,0,0,0,0,0,0,0,0
284,1993,4,21,16,14,10,4,9,5,10.94,10.28,10.21,6.4,0,0,0,0,0,0,0,0,0,0,0
285,1994,5,21,16,10,7,3,8,2,10.95,10.29,10.23,5.5,0,0,0,0,0,0,0,0,0,0,0
286,1995,6,21,16,18,11,7,9,9,10.97,10.31,10.24,5.6,0,0,0,0,1,0,0,0,0,0,0
287,1996,7,21,16,12,8,4,7,5,11,10.34,10.27,5.5,0,0,0,0,1,0,0,0,0,0,0
288,1997,8,21,16,7,5,2,3,4,10.99,10.33,10.26,5.4,0,1,0,0,1,0,0,1,0,0,0
289,1998,9,21,16,7,5,2,4,3,10.98,10.32,10.26,4.6,0,1,0,0,1,0,0,1,0,0,0
290,1999,10,21,16,7,3,4,3,4,10.96,10.3,10.23,4.6,0,1,0,0,1,0,0,1,0,0,0
291,2000,11,21,16,11,8,3,8,3,10.94,10.28,10.22,4.3,0,1,0,0,1,0,0,1,0,0,0
292,2001,12,21,16,15,9,6,10,5,10.95,10.29,10.22,5.2,0,1,0,0,1,0,1,1,0,0,0
293,2002,13,21,16,19,12,7,12,7,10.94,10.28,10.22,5.8,0,1,0,0,1,0,1,1,0,0,0
294,2003,14,21,16,8,7,1,5,3,10.94,10.28,10.21,6.3,0,1,0,0,1,0,1,1,0,0,0
295,2004,15,21,16,8,8,0,5,3,10.93,10.26,10.21,5.6,0,1,0,0,1,0,1,1,0,0,0
296,2005,16,21,16,6,6,0,6,0,10.96,10.29,10.23,6,0,1,0,0,1,0,1,1,0,0,0
297,2006,17,21,16,11,7,4,7,4,10.99,10.34,10.27,5.9,0,1,0,0,1,0,1,1,0,0,0
298,2007,18,21,16,7,4,3,7,0,10.98,10.31,10.27,5.6,1,0,0,1,1,1,1,1,0,0,0
299,2008,19,21,16,10,8,2,6,4,10.98,10.32,10.26,6.6,1,0,0,1,1,1,1,1,0,0,0
300,2009,20,21,16,5,4,1,2,3,10.96,10.29,10.24,10.7,1,0,0,1,1,1,1,1,0,0,0
301,1990,1,22,16,13,9,4,9,4,11.02,10.34,10.31,5.9,0,0,0,0,1,0,0,0,1,0,0
302,1991,2,22,16,11,8,3,6,5,11.06,10.38,10.34,6.9,0,0,0,0,1,0,0,0,1,0,0
303,1992,3,22,16,8,5,3,5,3,11.07,10.39,10.35,7.8,0,0,0,0,1,0,0,0,1,0,0
304,1993,4,22,16,7,4,3,3,4,11.11,10.43,10.4,7.4,0,0,0,0,1,0,0,0,1,0,0
305,1994,5,22,16,5,4,1,4,1,11.12,10.45,10.41,7.5,0,0,0,0,1,0,0,0,1,0,0
306,1995,6,22,16,8,6,2,5,3,11.15,10.47,10.44,6.7,0,0,0,0,1,0,0,0,1,0,0
307,1996,7,22,16,13,7,6,7,6,11.2,10.53,10.49,6.3,0,0,0,0,1,1,0,0,1,0,0
308,1997,8,22,16,13,8,5,9,4,11.19,10.51,10.48,5.7,0,0,0,0,1,1,0,0,1,0,0
309,1998,9,22,16,4,2,2,1,3,11.19,10.51,10.48,5.3,1,0,1,0,1,1,0,1,1,1,1
310,1999,10,22,16,10,4,6,5,5,11.18,10.5,10.47,4.7,1,0,1,0,1,1,0,1,1,1,1
311,2000,11,22,16,5,4,1,5,0,11.19,10.52,10.48,4.9,1,0,1,0,1,1,0,1,1,1,1
312,2001,12,22,16,10,8,2,7,3,11.19,10.51,10.48,5.3,1,0,1,0,1,1,0,1,1,1,1
313,2002,13,22,16,12,7,5,9,3,11.16,10.49,10.44,5.9,1,0,1,0,1,1,0,1,1,1,1
314,2003,14,22,16,6,4,2,5,1,11.13,10.46,10.42,6.2,1,0,1,0,1,1,0,1,1,1,1
315,2004,15,22,16,11,10,1,7,4,11.11,10.43,10.4,5.5,1,0,1,0,1,1,1,1,1,1,1
316,2005,16,22,16,3,3,0,2,1,11.13,10.45,10.42,6.7,1,0,1,0,1,1,1,1,1,1,1
317,2006,17,22,16,2,2,0,1,1,11.07,10.39,10.35,3.9,1,0,1,0,1,1,1,1,1,1,1
318,2007,18,22,16,5,3,2,4,1,11.08,10.41,10.36,3.8,1,0,1,0,1,1,1,1,1,1,1
319,2008,19,22,16,5,3,2,4,1,11.08,10.41,10.36,4.4,1,0,1,0,1,1,1,1,1,1,1
320,2009,20,22,16,6,3,3,5,1,11.07,10.4,10.35,6.6,1,0,1,0,1,1,1,1,1,1,1
321,1990,1,23,16,3,3,0,2,1,9.7,9.04,8.97,5.2,0,0,0,0,0,0,1,0,1,0,1
322,1991,2,23,16,5,2,3,3,2,9.71,9.05,8.98,7.5,0,0,0,0,0,0,1,0,1,0,1
323,1992,3,23,16,4,2,2,3,1,9.7,9.04,8.96,7.1,0,0,0,0,0,0,1,0,1,0,1
324,1993,4,23,16,3,2,1,3,0,9.73,9.07,9,6.7,0,0,0,0,0,0,1,0,1,0,1
325,1994,5,23,16,3,1,2,2,1,9.75,9.1,9.02,6.5,0,0,0,0,0,0,1,0,1,0,1
326,1995,6,23,16,0,0,0,0,0,9.78,9.12,9.04,5.8,0,0,0,0,0,0,1,0,1,0,1
327,1996,7,23,16,3,1,2,2,1,9.8,9.15,9.07,5.3,0,0,0,0,1,0,1,0,1,0,1
328,1997,8,23,16,2,2,0,1,1,9.79,9.14,9.06,5.1,0,0,0,0,1,0,1,0,1,0,1
329,1998,9,23,16,2,1,1,1,1,9.83,9.17,9.1,4.4,0,0,0,0,1,0,1,1,1,0,1
330,1999,10,23,16,1,1,0,1,0,9.84,9.18,9.11,3.9,0,0,0,0,1,0,1,1,1,0,1
331,2000,11,23,16,2,1,1,1,1,9.82,9.15,9.1,3.3,0,0,0,0,1,0,1,1,1,0,1
332,2001,12,23,16,3,2,1,1,2,9.85,9.2,9.12,3.7,1,1,0,0,1,0,1,1,1,0,1
333,2002,13,23,16,4,2,2,4,0,9.84,9.17,9.12,4.4,1,1,0,0,1,0,1,1,1,0,1
334,2003,14,23,16,1,1,0,1,0,9.84,9.18,9.11,5,1,1,0,0,1,0,1,1,1,0,1
335,2004,15,23,16,1,1,0,0,1,9.85,9.18,9.12,4.6,1,0,0,1,1,0,1,1,1,0,1
336,2005,16,23,16,3,2,1,2,1,9.83,9.17,9.11,4.9,1,0,0,1,1,0,1,1,1,0,1
337,2006,17,23,16,3,3,0,2,1,9.86,9.2,9.13,4.7,1,0,0,1,1,0,1,1,1,0,1
338,2007,18,23,16,2,0,2,0,2,9.82,9.15,9.1,4.7,1,0,0,1,1,0,1,1,1,0,1
339,2008,19,23,16,3,3,0,2,1,9.8,9.14,9.08,5.4,1,0,0,1,1,1,1,1,1,0,1
340,2009,20,23,16,2,2,0,1,1,9.76,9.09,9.04,8.2,1,0,0,1,1,1,1,1,1,0,1
341,1990,1,24,16,4,1,3,3,1,10.95,10.29,10.23,4.5,0,0,0,0,1,0,0,0,0,0,0
342,1991,2,24,16,6,5,1,3,3,10.97,10.31,10.25,6.3,0,0,0,0,1,0,0,0,0,0,0
343,1992,3,24,16,3,1,2,3,0,10.96,10.29,10.24,6.5,0,0,0,0,1,0,0,0,0,0,0
344,1993,4,24,16,4,2,2,2,2,11.01,10.34,10.28,6,0,0,0,0,1,0,0,0,1,0,0
345,1994,5,24,16,9,8,1,7,2,11.02,10.36,10.3,5.2,0,0,0,0,1,0,0,0,1,0,0
346,1995,6,24,16,2,2,0,0,2,11.05,10.39,10.33,5,0,0,0,0,1,0,0,0,1,0,0
347,1996,7,24,16,3,3,0,1,2,11.1,10.43,10.37,4.9,0,0,0,0,1,0,0,1,1,0,0
348,1997,8,24,16,3,0,3,1,2,11.11,10.44,10.38,4.7,0,0,0,0,1,0,0,1,1,0,1
349,1998,9,24,16,11,9,2,6,5,11.15,10.49,10.43,4.3,0,0,0,0,1,1,0,1,1,0,1
350,1999,10,24,16,7,4,3,4,3,11.18,10.52,10.46,3.6,0,0,0,0,1,1,0,1,1,0,1
351,2000,11,24,16,5,3,2,2,3,11.19,10.53,10.47,3.6,1,0,1,0,1,1,0,1,1,0,1
352,2001,12,24,16,6,6,0,3,3,11.23,10.56,10.51,4.1,1,0,1,0,1,1,0,1,1,0,1
353,2002,13,24,16,6,4,2,6,0,11.24,10.56,10.53,4.5,1,0,1,0,1,1,1,1,1,0,1
354,2003,14,24,16,5,3,2,2,3,11.25,10.59,10.54,4.5,1,0,1,0,1,1,1,1,1,0,1
355,2004,15,24,16,10,5,5,5,5,11.28,10.61,10.57,4.3,1,0,1,0,1,1,1,1,1,0,1
356,2005,16,24,16,6,4,2,4,2,11.3,10.64,10.59,4.1,1,0,1,0,1,1,1,1,1,0,1
357,2006,17,24,16,3,2,1,1,2,11.35,10.68,10.63,3.8,1,0,0,1,1,1,1,1,1,0,1
358,2007,18,24,16,6,4,2,4,2,11.32,10.65,10.61,3.6,1,0,0,1,1,1,1,1,1,0,1
359,2008,19,24,16,4,3,1,3,1,11.3,10.63,10.58,4.5,1,0,0,1,1,1,1,1,1,0,1
360,2009,20,24,16,2,0,2,2,0,11.28,10.6,10.56,7.1,1,0,0,1,1,1,1,1,1,0,1
361,1990,1,25,16,6,4,2,4,2,11.14,10.47,10.42,6.4,0,0,0,0,0,0,0,0,0,0,0
362,1991,2,25,16,0,0,0,0,0,11.14,10.48,10.42,8.8,0,0,0,0,0,0,0,0,0,0,0
363,1992,3,25,16,4,3,1,3,1,11.11,10.44,10.38,8.9,0,0,0,0,0,0,0,0,0,0,0
364,1993,4,25,16,8,6,2,5,3,11.14,10.48,10.42,7.4,0,0,0,0,0,0,0,0,0,0,0
365,1994,5,25,16,3,3,0,1,2,11.15,10.49,10.43,6.2,0,0,0,0,1,0,0,0,0,0,0
366,1995,6,25,16,5,4,1,2,3,11.19,10.52,10.46,5.5,0,0,0,0,1,0,0,1,0,0,0
367,1996,7,25,16,3,3,0,2,1,11.22,10.56,10.5,4.6,0,0,0,0,1,0,0,1,0,0,1
368,1997,8,25,16,4,3,1,2,2,11.22,10.56,10.5,4.1,0,0,0,0,1,0,0,1,0,0,1
369,1998,9,25,16,9,8,1,7,2,11.26,10.6,10.54,3.4,0,0,0,0,1,0,0,1,0,0,1
370,1999,10,25,16,2,0,2,2,0,11.27,10.61,10.55,3.3,1,0,0,1,1,0,0,1,0,0,1
371,2000,11,25,16,7,6,1,7,0,11.28,10.61,10.56,2.7,1,0,0,1,1,0,0,1,0,0,1
372,2001,12,25,16,1,1,0,1,0,11.33,10.67,10.6,3.7,1,0,0,1,1,0,0,1,0,0,1
373,2002,13,25,16,4,3,1,3,1,11.34,10.68,10.62,5.3,1,0,0,1,1,0,0,1,0,0,1
374,2003,14,25,16,3,3,0,2,1,11.34,10.68,10.63,5.8,1,0,0,1,1,0,0,1,0,0,1
375,2004,15,25,16,4,4,0,3,1,11.37,10.7,10.65,5.2,1,0,0,1,1,0,1,1,1,0,1
376,2005,16,25,16,5,3,2,1,4,11.38,10.7,10.67,4.8,1,0,0,1,1,0,1,1,1,0,1
377,2006,17,25,16,3,3,0,3,0,11.42,10.76,10.7,4.8,1,0,0,1,1,0,1,1,1,0,1
378,2007,18,25,16,2,1,1,2,0,11.4,10.73,10.68,4.4,1,0,0,1,1,0,1,1,1,0,1
379,2008,19,25,16,1,1,0,1,0,11.37,10.69,10.65,5.3,1,0,0,1,1,0,1,1,1,0,1
380,2009,20,25,16,1,1,0,1,0,11.37,10.7,10.64,8.2,1,0,0,1,1,0,1,1,1,0,1
381,1990,1,26,16,24,23,1,15,9,11.77,11.1,11.05,7.7,0,0,0,0,1,0,0,0,0,0,0
382,1991,2,26,16,18,9,9,12,6,11.78,11.12,11.06,9.3,0,0,0,0,1,0,0,0,0,0,0
383,1992,3,26,16,15,9,6,9,6,11.76,11.09,11.04,9.2,0,0,0,0,1,0,0,0,0,0,0
384,1993,4,26,16,22,15,7,13,9,11.8,11.14,11.08,7.4,0,0,0,0,1,0,0,0,0,0,0
385,1994,5,26,16,18,11,7,7,11,11.81,11.15,11.09,6.1,0,0,0,0,1,0,0,0,0,0,0
386,1995,6,26,16,28,15,13,16,12,11.85,11.19,11.13,5.3,0,0,0,0,1,0,0,1,0,0,0
387,1996,7,26,16,18,10,8,9,9,11.9,11.23,11.18,4.9,0,0,0,0,1,0,0,1,0,0,0
388,1997,8,26,16,25,17,8,13,12,11.89,11.22,11.17,4.3,1,0,1,0,1,0,0,1,0,1,1
389,1998,9,26,16,16,10,6,3,13,11.91,11.24,11.19,4,1,0,1,0,1,0,0,1,0,1,1
390,1999,10,26,16,16,8,8,5,11,11.91,11.25,11.19,3.8,1,0,1,0,1,0,0,1,0,1,1
391,2000,11,26,16,14,10,4,7,7,11.86,11.2,11.14,3.7,1,0,1,0,1,1,0,1,0,1,1
392,2001,12,26,16,17,14,3,6,11,11.9,11.24,11.18,5.2,1,0,1,0,1,1,0,1,0,1,1
393,2002,13,26,16,22,15,7,7,15,11.9,11.23,11.18,6.2,1,0,1,0,1,1,0,1,0,1,1
394,2003,14,26,16,18,12,6,6,12,11.89,11.22,11.17,7.1,1,0,1,0,1,1,0,1,0,1,1
395,2004,15,26,16,13,9,4,7,6,11.91,11.24,11.19,7,1,0,1,0,1,1,1,1,0,1,1
396,2005,16,26,16,6,3,3,3,3,11.91,11.24,11.18,6.9,1,0,1,0,1,1,1,1,0,1,1
397,2006,17,26,16,5,3,2,3,2,11.97,11.31,11.25,6.9,1,0,1,0,1,1,1,1,0,1,1
398,2007,18,26,16,12,9,3,6,6,11.94,11.27,11.22,7.1,1,0,1,0,1,1,1,1,0,1,1
399,2008,19,26,16,6,5,1,2,4,11.91,11.24,11.19,8.4,1,0,1,0,1,1,1,1,0,1,1
400,2009,20,26,16,8,5,3,6,2,11.87,11.21,11.15,13.4,1,0,1,0,1,1,1,1,0,1,1
401,1990,1,27,16,4,2,2,2,2,10.93,10.27,10.21,4.8,0,0,0,0,1,0,0,0,0,0,0
402,1991,2,27,16,11,8,3,6,5,10.99,10.33,10.26,5.2,0,0,0,0,1,0,0,0,0,0,0
403,1992,3,27,16,4,3,1,3,1,11,10.34,10.27,5.1,0,0,0,0,1,0,0,0,0,0,0
404,1993,4,27,16,10,7,3,3,7,11.06,10.4,10.33,4.9,0,0,0,0,1,0,0,0,0,0,0
405,1994,5,27,16,6,4,2,5,1,11.09,10.43,10.36,4.1,0,0,0,0,1,0,0,1,0,0,0
406,1995,6,27,16,6,3,3,4,2,11.14,10.49,10.42,3.7,0,0,0,0,1,0,0,1,0,0,0
407,1996,7,27,16,15,5,10,10,5,11.2,10.55,10.48,3.9,0,0,0,0,1,0,0,1,0,0,0
408,1997,8,27,16,10,4,6,4,6,11.22,10.56,10.49,3.3,0,0,0,0,1,0,0,1,0,0,0
409,1998,9,27,16,7,3,4,6,1,11.26,10.6,10.53,2.8,0,0,0,0,1,0,0,1,0,1,1
410,1999,10,27,16,9,5,4,5,4,11.27,10.61,10.54,2.8,0,0,0,0,1,0,0,1,0,1,1
411,2000,11,27,16,11,4,7,3,8,11.22,10.55,10.5,3.1,0,0,0,0,1,0,0,1,0,1,1
412,2001,12,27,16,2,0,2,0,2,11.26,10.59,10.54,3.9,0,0,0,0,1,0,0,1,1,1,1
413,2002,13,27,16,18,8,10,7,11,11.25,10.58,10.53,4.6,0,0,0,0,1,0,0,1,1,1,1
414,2003,14,27,16,9,5,4,4,5,11.23,10.55,10.51,4.9,0,0,0,0,1,0,0,1,1,1,1
415,2004,15,27,16,11,2,9,6,5,11.23,10.57,10.51,4.6,0,0,0,0,1,0,0,1,1,1,1
416,2005,16,27,16,7,6,1,4,3,11.23,10.56,10.52,4.2,0,0,0,0,1,0,0,1,1,1,1
417,2006,17,27,16,12,6,6,4,8,11.25,10.59,10.54,4.1,0,0,0,0,1,0,1,1,1,1,1
418,2007,18,27,16,7,5,2,3,4,11.22,10.56,10.5,4.6,0,0,0,0,1,0,1,1,1,1,1
419,2008,19,27,16,5,2,3,4,1,11.2,10.53,10.48,5.4,0,0,0,0,1,0,1,1,1,1,1
420,2009,20,27,16,2,2,0,1,1,11.18,10.51,10.46,8.1,1,0,0,1,1,0,1,1,1,1,1
421,1990,1,28,16,7,4,3,4,3,10.6,9.93,9.89,7.7,0,0,0,0,0,0,0,0,0,0,0
422,1991,2,28,16,4,1,3,2,2,10.62,9.95,9.91,8.8,0,0,0,0,0,0,0,0,0,0,0
423,1992,3,28,16,8,6,2,6,2,10.62,9.95,9.91,8.3,0,0,0,0,0,0,0,0,1,0,0
424,1993,4,28,16,7,5,2,3,4,10.67,9.99,9.95,7,0,0,0,0,0,0,0,0,1,0,0
425,1994,5,28,16,9,7,2,3,6,10.68,10.01,9.97,6.6,0,0,0,0,0,0,0,0,1,0,0
426,1995,6,28,16,14,10,4,12,2,10.7,10.03,9.99,6.5,0,0,0,0,1,0,0,0,1,0,0
427,1996,7,28,16,8,6,2,5,3,10.75,10.07,10.03,6.3,0,0,0,0,1,0,0,0,1,1,1
428,1997,8,28,16,9,5,4,5,4,10.74,10.06,10.02,6,0,0,0,0,1,0,0,0,1,1,1
429,1998,9,28,16,9,5,4,4,5,10.73,10.06,10.02,5.5,0,0,0,0,1,0,0,0,1,1,1
430,1999,10,28,16,11,8,3,6,5,10.71,10.04,10,5.3,0,0,0,0,1,0,0,1,1,1,1
431,2000,11,28,16,9,4,5,6,3,10.71,10.03,10,5.7,0,0,0,0,1,0,0,1,1,1,1
432,2001,12,28,16,7,5,2,4,3,10.71,10.04,9.99,5.6,1,1,0,0,1,0,0,1,1,1,1
433,2002,13,28,16,11,3,8,6,5,10.69,10.02,9.97,6.7,1,1,0,0,1,0,0,1,1,1,1
434,2003,14,28,16,8,5,3,4,4,10.67,9.99,9.96,6.4,1,1,0,0,1,0,1,1,1,1,1
435,2004,15,28,16,7,5,2,3,4,10.66,9.99,9.95,6.3,1,1,0,0,1,0,1,1,1,1,1
436,2005,16,28,16,12,10,2,8,4,10.69,10.02,9.99,7.8,1,1,0,0,1,0,1,1,1,1,1
437,2006,17,28,16,7,5,2,3,4,10.73,10.06,10.01,6.8,1,1,0,0,1,0,1,1,1,1,1
438,2007,18,28,16,10,7,3,5,5,10.7,10.03,9.98,6.2,1,1,0,0,1,1,1,1,1,1,1
439,2008,19,28,16,8,5,3,5,3,10.69,10.02,9.99,6.8,1,1,0,0,1,1,1,1,1,1,1
440,2009,20,28,16,5,3,2,3,2,10.69,10.03,9.97,9.6,1,1,0,0,1,1,1,1,1,1,1
441,1990,1,29,16,19,12,7,16,3,11.11,10.45,10.39,5.8,0,0,0,0,1,0,0,0,0,0,0
442,1991,2,29,16,20,15,5,10,10,11.15,10.49,10.42,6.6,0,0,0,0,1,0,0,0,0,0,0
443,1992,3,29,16,12,8,4,7,5,11.14,10.48,10.42,6,0,0,0,0,1,0,0,0,1,0,0
444,1993,4,29,16,17,10,7,8,9,11.2,10.54,10.47,6.1,0,0,0,0,1,0,0,0,1,0,0
445,1994,5,29,16,26,16,10,18,8,11.22,10.56,10.49,5,0,0,0,0,1,0,0,0,1,0,0
446,1995,6,29,16,19,11,8,13,6,11.26,10.6,10.53,4.7,0,0,0,0,1,0,0,0,1,0,0
447,1996,7,29,16,21,17,4,13,8,11.32,10.66,10.6,4.6,0,0,0,0,1,0,0,0,1,1,1
448,1997,8,29,16,27,17,10,17,10,11.33,10.66,10.6,4.3,0,0,0,0,1,0,0,0,1,1,1
449,1998,9,29,16,15,9,6,9,6,11.34,10.67,10.61,3.9,0,0,0,0,1,0,0,1,1,1,1
450,1999,10,29,16,22,17,5,14,8,11.34,10.67,10.61,3.1,0,0,0,0,1,0,0,1,1,1,1
451,2000,11,29,16,25,18,7,16,9,11.31,10.65,10.59,3.3,0,0,0,0,1,0,0,1,1,1,1
452,2001,12,29,16,21,14,7,13,8,11.34,10.67,10.62,4.5,1,1,0,0,1,0,0,1,1,1,1
453,2002,13,29,16,18,13,5,8,10,11.34,10.68,10.61,5.2,1,1,0,0,1,0,1,1,1,1,1
454,2003,14,29,16,18,10,8,12,6,11.32,10.65,10.6,5.6,1,1,0,0,1,0,1,1,1,1,1
455,2004,15,29,16,20,14,6,12,8,11.33,10.66,10.61,5.8,1,1,0,0,1,0,1,1,1,1,1
456,2005,16,29,16,22,16,6,14,8,11.35,10.68,10.62,5.4,1,1,0,0,1,0,1,1,1,1,1
457,2006,17,29,16,14,9,5,9,5,11.38,10.71,10.66,4.8,1,0,0,0,1,0,1,1,1,1,1
458,2007,18,29,16,13,9,4,6,7,11.36,10.69,10.65,5.1,1,0,0,1,1,0,1,1,1,1,1
459,2008,19,29,16,8,4,4,6,2,11.35,10.68,10.63,6.1,1,0,0,1,1,0,1,1,1,1,1
460,2009,20,29,16,8,3,5,4,4,11.33,10.66,10.61,9.3,1,0,0,1,1,0,1,1,1,1,1
461,1990,1,30,16,2,1,1,2,0,9.35,8.7,8.61,6,0,0,0,0,1,0,0,0,0,0,0
462,1991,2,30,16,2,2,0,1,1,9.4,8.75,8.66,6.3,0,0,0,0,1,0,0,0,0,0,0
463,1992,3,30,16,2,2,0,2,0,9.42,8.77,8.68,6.3,0,0,0,0,1,0,0,0,0,0,0
464,1993,4,30,16,2,0,2,1,1,9.5,8.85,8.76,5.9,0,0,0,0,1,0,0,0,0,0,0
465,1994,5,30,16,4,1,3,1,3,9.51,8.87,8.77,5.5,0,0,0,0,1,0,0,0,0,0,0
466,1995,6,30,16,3,3,0,2,1,9.55,8.9,8.81,5.5,0,0,0,0,1,0,0,0,0,0,0
467,1996,7,30,16,2,0,2,1,1,9.59,8.94,8.85,5.5,0,0,0,0,1,0,0,0,0,0,0
468,1997,8,30,16,6,3,3,5,1,9.57,8.93,8.83,5.4,0,0,0,0,1,0,0,1,0,0,0
469,1998,9,30,16,3,3,0,3,0,9.61,8.96,8.87,5.5,0,0,0,0,1,0,0,1,0,0,0
470,1999,10,30,16,5,1,4,3,2,9.6,8.95,8.86,5.3,0,0,0,0,1,0,0,1,0,0,0
471,2000,11,30,16,4,1,3,3,1,9.59,8.93,8.86,4.8,0,0,0,0,1,0,0,1,0,1,1
472,2001,12,30,16,0,0,0,0,0,9.61,8.94,8.89,4.5,0,0,0,0,1,0,0,1,0,1,1
473,2002,13,30,16,2,1,1,0,2,9.59,8.93,8.85,4.4,0,0,0,0,1,0,0,1,0,1,1
474,2003,14,30,16,7,5,2,3,4,9.55,8.9,8.82,4.3,0,0,0,0,1,0,1,1,0,1,1
475,2004,15,30,16,1,1,0,1,0,9.56,8.9,8.83,4,0,0,0,0,1,0,1,1,0,1,1
476,2005,16,30,16,2,0,2,0,2,9.53,8.86,8.81,3.7,0,0,0,0,1,0,1,1,0,1,1
477,2006,17,30,16,2,2,0,2,0,9.57,8.9,8.86,3.2,0,0,0,0,1,0,1,1,0,1,1
478,2007,18,30,16,0,0,0,0,0,9.53,8.86,8.82,3.3,1,1,0,0,1,0,1,1,0,1,1
479,2008,19,30,16,2,2,0,2,0,9.52,8.86,8.8,4.5,1,1,0,0,1,0,1,1,0,1,1
480,2009,20,30,16,3,0,3,2,1,9.48,8.81,8.76,6.3,1,1,0,0,1,0,1,1,0,1,1
481,1990,1,31,16,7,4,3,3,4,9.98,9.32,9.25,2.4,0,0,0,0,0,0,0,0,0,0,0
482,1991,2,31,16,1,0,1,1,0,10.03,9.37,9.3,2.6,0,0,0,0,0,0,0,0,0,0,0
483,1992,3,31,16,5,4,1,3,2,10.02,9.36,9.28,2.9,0,0,0,0,0,0,0,0,0,0,0
484,1993,4,31,16,2,2,0,1,1,10.06,9.41,9.33,2.8,0,0,0,0,1,0,0,0,0,0,0
485,1994,5,31,16,8,6,2,1,7,10.09,9.43,9.35,2.6,0,0,0,0,1,0,0,1,0,0,0
486,1995,6,31,16,3,1,2,2,1,10.12,9.47,9.39,2.6,0,0,0,0,1,0,0,1,0,0,0
487,1996,7,31,16,13,6,7,4,9,10.19,9.53,9.45,2.7,0,0,0,0,1,0,0,1,0,0,0
488,1997,8,31,16,5,4,1,3,2,10.2,9.54,9.47,2.4,0,0,0,0,1,0,0,1,0,1,1
489,1998,9,31,16,7,3,4,4,3,10.22,9.56,9.49,2.5,0,0,0,0,1,0,0,1,0,1,1
490,1999,10,31,16,12,7,5,9,3,10.22,9.57,9.49,2.8,1,1,0,0,1,0,0,1,0,1,1
491,2000,11,31,16,5,4,1,1,4,10.2,9.53,9.48,2.8,1,1,0,0,1,0,0,1,1,1,1
492,2001,12,31,16,6,4,2,3,3,10.21,9.55,9.49,3.1,1,1,0,0,1,0,0,1,1,1,1
493,2002,13,31,16,9,3,6,8,1,10.19,9.52,9.47,3.7,1,1,0,0,1,0,1,1,1,1,1
494,2003,14,31,16,1,1,0,1,0,10.17,9.5,9.45,4,1,1,0,0,1,0,1,1,1,1,1
495,2004,15,31,16,1,0,1,0,1,10.16,9.49,9.44,3.9,1,1,0,0,1,0,1,1,1,1,1
496,2005,16,31,16,7,4,3,3,4,10.15,9.49,9.42,3.9,1,1,0,0,1,0,1,1,1,1,1
497,2006,17,31,16,6,4,2,3,3,10.19,9.53,9.46,3.1,1,1,0,0,1,0,1,1,1,1,1
498,2007,18,31,16,9,3,6,5,4,10.15,9.48,9.44,2.9,1,1,0,0,1,0,1,1,1,1,1
499,2008,19,31,16,2,2,0,1,1,10.15,9.47,9.43,3.2,1,0,0,1,1,0,1,1,1,1,1
500,2009,20,31,16,6,3,3,3,3,10.11,9.45,9.39,4.8,1,0,0,1,1,0,1,1,1,1,1
501,1990,1,32,16,2,2,0,1,1,9.62,8.97,8.89,5,0,0,0,0,1,0,0,0,0,0,0
502,1991,2,32,16,0,0,0,0,0,9.65,9,8.91,6,0,0,0,0,1,0,0,0,0,0,0
503,1992,3,32,16,0,0,0,0,0,9.66,9.01,8.92,7,0,0,0,0,1,0,0,0,1,0,0
504,1993,4,32,16,3,2,1,2,1,9.75,9.1,9.02,7.2,0,0,0,0,1,0,0,0,1,0,0
505,1994,5,32,16,3,2,1,0,3,9.81,9.16,9.08,6.4,0,0,0,0,1,0,0,0,1,0,0
506,1995,6,32,16,1,1,0,1,0,9.89,9.24,9.15,5.6,0,0,0,0,1,0,0,0,1,0,0
507,1996,7,32,16,0,0,0,0,0,9.98,9.33,9.25,5.4,0,0,0,0,1,0,0,0,1,1,1
508,1997,8,32,16,2,1,1,1,1,10.03,9.38,9.29,4.5,0,0,0,0,1,0,0,0,1,1,1
509,1998,9,32,16,0,0,0,0,0,10.12,9.47,9.38,4.5,0,0,0,0,1,0,0,1,1,1,1
510,1999,10,32,16,2,1,1,1,1,10.17,9.52,9.43,4.3,0,0,0,0,1,0,0,1,1,1,1
511,2000,11,32,16,2,1,1,0,2,10.16,9.5,9.43,4.2,0,0,0,0,1,0,0,1,1,1,1
512,2001,12,32,16,4,2,2,0,4,10.21,9.55,9.49,5.4,0,0,0,0,1,0,0,1,1,1,1
513,2002,13,32,16,5,4,1,4,1,10.26,9.6,9.53,5.9,1,1,0,0,1,0,0,1,1,1,1
514,2003,14,32,16,2,1,1,1,1,10.28,9.63,9.55,5.4,1,1,0,0,1,0,0,1,1,1,1
515,2004,15,32,16,5,3,2,2,3,10.33,9.67,9.6,4.4,1,1,0,0,1,0,1,1,1,1,1
516,2005,16,32,16,3,2,1,2,1,10.38,9.71,9.66,4.5,1,1,0,0,1,0,1,1,1,1,1
517,2006,17,32,16,1,1,0,1,0,10.48,9.81,9.75,4.3,1,0,0,1,1,0,1,1,1,1,1
518,2007,18,32,16,1,1,0,1,0,10.48,9.82,9.76,4.6,1,0,0,1,1,0,1,1,1,1,1
519,2008,19,32,16,2,1,1,0,2,10.5,9.84,9.77,6.7,1,0,0,1,1,0,1,1,1,1,1
520,2009,20,32,16,1,1,0,1,0,10.48,9.82,9.76,12.5,1,0,0,1,1,0,1,1,1,1,1
521,1990,1,33,16,2,1,1,1,1,9.5,8.84,8.78,5.7,0,0,0,0,0,0,0,0,0,0,0
522,1991,2,33,16,2,2,0,2,0,9.53,8.87,8.8,7.3,0,0,0,0,0,0,0,0,0,0,0
523,1992,3,33,16,0,0,0,0,0,9.5,8.85,8.77,7.6,0,0,0,0,0,0,0,0,0,0,0
524,1993,4,33,16,2,0,2,2,0,9.57,8.91,8.84,6.3,0,0,0,0,0,0,0,0,1,0,0
525,1994,5,33,16,1,1,0,1,0,9.61,8.95,8.88,4.8,0,0,0,0,0,0,1,0,1,0,0
526,1995,6,33,16,2,1,1,2,0,9.65,8.99,8.92,4,0,0,0,0,0,0,1,0,1,0,0
527,1996,7,33,16,2,2,0,0,2,9.71,9.05,8.98,3.7,0,0,0,0,0,0,1,1,1,0,0
528,1997,8,33,16,0,0,0,0,0,9.74,9.08,9.01,3.1,0,0,0,0,0,0,1,1,1,0,1
529,1998,9,33,16,2,2,0,2,0,9.79,9.13,9.06,2.9,1,0,1,0,0,0,1,1,1,0,1
530,1999,10,33,16,3,1,2,1,2,9.81,9.16,9.08,2.8,1,0,1,0,0,0,1,1,1,0,1
531,2000,11,33,16,3,2,1,1,2,9.75,9.08,9.03,2.7,1,0,1,0,0,0,1,1,1,0,1
532,2001,12,33,16,3,2,1,2,1,9.8,9.14,9.07,3.4,1,0,1,0,0,0,1,1,1,0,1
533,2002,13,33,16,2,2,0,2,0,9.83,9.15,9.12,4.5,1,0,1,0,0,0,1,1,1,0,1
534,2003,14,33,16,2,2,0,2,0,9.82,9.15,9.11,4.5,1,0,1,0,0,0,1,1,1,0,1
535,2004,15,33,16,4,4,0,3,1,9.85,9.18,9.14,3.9,1,0,1,0,0,0,1,1,1,0,1
536,2005,16,33,16,0,0,0,0,0,9.86,9.18,9.14,3.6,1,0,1,0,0,0,1,1,1,0,1
537,2006,17,33,16,1,0,1,1,0,9.88,9.23,9.15,3.5,1,0,1,0,0,0,1,1,1,0,1
538,2007,18,33,16,4,1,3,3,1,9.87,9.21,9.15,3.5,1,0,1,0,0,0,1,1,1,0,1
539,2008,19,33,16,1,1,0,0,1,9.83,9.16,9.12,3.9,1,0,1,0,0,0,1,1,1,0,1
540,2009,20,33,16,0,0,0,0,0,9.81,9.15,9.08,6.3,1,0,1,0,0,0,1,1,1,0,1
541,1990,1,34,16,2,2,0,2,0,11.47,10.8,10.75,5.1,0,0,0,0,1,0,0,0,0,0,0
542,1991,2,34,16,2,2,0,2,0,11.48,10.82,10.76,6.8,0,0,0,0,1,0,0,0,0,0,0
543,1992,3,34,16,2,2,0,2,0,11.46,10.8,10.74,8.4,0,0,0,0,1,0,0,0,0,0,0
544,1993,4,34,16,1,1,0,0,1,11.51,10.84,10.79,7.7,0,0,0,0,1,0,0,1,0,0,0
545,1994,5,34,16,1,1,0,1,0,11.51,10.85,10.79,6.8,0,0,0,0,1,0,0,1,0,0,0
546,1995,6,34,16,3,3,0,2,1,11.54,10.87,10.82,6.5,0,0,0,0,1,0,0,1,0,0,0
547,1996,7,34,16,1,0,1,1,0,11.57,10.9,10.85,6.2,0,0,0,0,1,0,0,1,0,0,0
548,1997,8,34,16,0,0,0,0,0,11.55,10.88,10.83,5.3,0,0,0,0,1,0,0,1,0,0,0
549,1998,9,34,16,0,0,0,0,0,11.57,10.9,10.85,4.6,0,0,0,0,1,0,0,1,0,0,1
550,1999,10,34,16,1,1,0,1,0,11.57,10.91,10.85,4.5,0,0,0,0,1,0,0,1,0,0,1
551,2000,11,34,16,2,1,1,2,0,11.6,10.93,10.88,3.7,0,0,0,0,1,0,0,1,0,0,1
552,2001,12,34,16,4,4,0,1,3,11.62,10.95,10.9,4.3,1,0,0,1,1,1,0,1,0,0,1
553,2002,13,34,16,1,1,0,0,1,11.64,10.97,10.92,5.8,1,0,0,1,1,1,0,1,0,0,1
554,2003,14,34,16,2,1,1,2,0,11.65,10.98,10.94,5.9,1,0,0,1,1,1,0,1,0,0,1
555,2004,15,34,16,0,0,0,0,0,11.68,11.01,10.96,4.9,1,0,0,1,1,1,1,1,0,0,1
556,2005,16,34,16,3,3,0,2,1,11.71,11.04,10.99,4.5,1,0,0,1,1,1,1,1,0,0,1
557,2006,17,34,16,1,1,0,1,0,11.74,11.07,11.02,4.7,1,0,0,1,1,1,1,1,0,0,1
558,2007,18,34,16,1,1,0,1,0,11.72,11.05,11,4.3,1,0,0,1,1,1,1,1,0,0,1
559,2008,19,34,16,3,3,0,2,1,11.7,11.03,10.98,5.5,1,0,0,1,1,1,1,1,0,0,1
560,2009,20,34,16,1,1,0,1,0,11.69,11.02,10.97,9.1,1,0,0,1,1,1,1,1,0,0,1
561,1990,1,35,16,8,5,3,7,1,10.03,9.36,9.31,6.8,0,0,0,0,1,1,0,0,1,0,0
562,1991,2,35,16,5,2,3,4,1,10.06,9.4,9.34,7.3,0,0,0,0,1,1,0,0,1,0,0
563,1992,3,35,16,5,4,1,3,2,10.07,9.4,9.35,7.4,0,0,0,0,1,1,0,0,1,0,0
564,1993,4,35,16,5,3,2,4,1,10.14,9.48,9.42,7.1,0,0,0,0,1,1,0,0,1,0,0
565,1994,5,35,16,4,2,2,4,0,10.16,9.49,9.43,6.6,0,0,0,0,1,1,1,0,1,0,0
566,1995,6,35,16,2,1,1,1,1,10.21,9.54,9.48,6.8,0,0,0,0,1,1,1,0,1,0,0
567,1996,7,35,16,4,2,2,3,1,10.26,9.59,9.53,7.4,0,0,0,0,1,1,1,0,1,0,0
568,1997,8,35,16,4,3,1,3,1,10.27,9.6,9.55,6.6,0,0,0,0,1,1,1,0,1,1,1
569,1998,9,35,16,2,2,0,1,1,10.28,9.62,9.56,6.2,0,0,0,0,1,1,1,1,1,1,1
570,1999,10,35,16,2,1,1,0,2,10.28,9.62,9.56,5.6,0,0,0,0,1,1,1,1,1,1,1
571,2000,11,35,16,5,4,1,2,3,10.3,9.63,9.57,5,1,1,0,0,1,1,1,1,1,1,1
572,2001,12,35,16,0,0,0,0,0,10.3,9.63,9.58,5,1,1,0,0,1,1,1,1,1,1,1
573,2002,13,35,16,8,7,1,5,3,10.29,9.62,9.57,5.5,1,1,0,0,1,1,1,1,1,1,1
574,2003,14,35,16,2,1,1,1,1,10.29,9.62,9.57,6,1,1,0,0,1,1,1,1,1,1,1
575,2004,15,35,16,3,3,0,2,1,10.27,9.6,9.56,5.8,1,1,0,0,1,1,1,1,1,1,1
576,2005,16,35,16,5,4,1,4,1,10.28,9.6,9.57,5.2,1,1,0,0,1,1,1,1,1,1,1
577,2006,17,35,16,2,0,2,2,0,10.3,9.62,9.58,4.1,1,1,0,0,1,1,1,1,1,1,1
578,2007,18,35,16,1,1,0,0,1,10.28,9.6,9.58,3.4,1,1,0,0,1,1,1,1,1,1,1
579,2008,19,35,16,3,2,1,1,2,10.26,9.58,9.54,4.5,1,1,0,0,1,1,1,1,1,1,1
580,2009,20,35,16,0,0,0,0,0,10.25,9.58,9.53,7,1,1,0,0,1,1,1,1,1,1,1
581,1990,1,36,16,8,6,2,5,3,12.31,11.64,11.59,5.3,0,0,0,0,1,1,0,0,0,0,0
582,1991,2,36,16,11,10,1,8,3,12.33,11.67,11.61,7.4,0,0,0,0,1,1,0,0,0,0,0
583,1992,3,36,16,9,5,4,4,5,12.31,11.65,11.6,8.7,0,0,0,0,1,1,0,0,0,0,0
584,1993,4,36,16,9,8,1,5,4,12.35,11.68,11.63,7.9,0,0,0,0,1,1,0,0,0,0,0
585,1994,5,36,16,9,5,4,3,6,12.35,11.68,11.63,6.9,0,0,0,0,1,1,0,0,0,0,0
586,1995,6,36,16,7,6,1,5,2,12.35,11.69,11.63,6.3,0,0,0,0,1,1,0,0,0,0,0
587,1996,7,36,16,7,6,1,2,5,12.37,11.71,11.65,6.3,0,0,0,0,1,1,0,0,0,0,0
588,1997,8,36,16,5,5,0,4,1,12.35,11.69,11.64,6.5,0,0,0,0,1,1,0,1,0,0,1
589,1998,9,36,16,8,7,1,4,4,12.36,11.69,11.64,5.7,0,0,0,0,1,1,0,1,0,0,1
590,1999,10,36,16,8,7,1,3,5,12.35,11.68,11.63,5.2,0,0,0,0,1,1,0,1,0,0,1
591,2000,11,36,16,7,5,2,3,4,12.44,11.78,11.72,4.5,0,0,0,0,1,1,0,1,0,0,1
592,2001,12,36,16,8,6,2,3,5,12.46,11.79,11.74,4.9,0,0,0,0,1,1,0,1,0,0,1
593,2002,13,36,16,9,4,5,7,2,12.47,11.8,11.75,6.2,0,0,0,0,1,1,0,1,0,0,1
594,2003,14,36,16,8,8,0,5,3,12.47,11.8,11.76,6.4,0,0,0,0,1,1,0,1,0,0,1
595,2004,15,36,16,9,8,1,7,2,12.49,11.82,11.78,5.8,1,0,0,1,1,1,1,1,0,0,1
596,2005,16,36,16,6,5,1,4,2,12.51,11.84,11.79,5,1,0,0,1,1,1,1,1,0,0,1
597,2006,17,36,16,6,4,2,5,1,12.55,11.89,11.84,4.6,1,0,0,1,1,1,1,1,0,0,1
598,2007,18,36,16,5,3,2,4,1,12.53,11.86,11.81,4.5,1,0,0,1,1,1,1,1,0,0,1
599,2008,19,36,16,4,4,0,4,0,12.5,11.83,11.79,5.4,1,0,0,1,1,1,1,1,0,0,1
600,2009,20,36,16,5,5,0,3,2,12.49,11.82,11.77,8.4,1,0,0,1,1,1,1,1,0,0,1
601,1990,1,37,16,22,19,3,11,11,11.4,10.73,10.68,4.2,0,0,0,0,1,0,0,1,1,0,0
602,1991,2,37,16,17,7,10,12,5,11.4,10.74,10.69,5.9,0,0,0,0,1,0,0,1,1,0,0
603,1992,3,37,16,20,12,8,9,11,11.39,10.72,10.67,6.2,0,0,0,0,1,0,0,1,1,0,0
604,1993,4,37,16,21,17,4,13,8,11.44,10.78,10.72,5.2,0,0,0,0,1,0,0,1,1,0,0
605,1994,5,37,16,17,11,6,8,9,11.46,10.8,10.74,4.5,0,0,0,0,1,0,1,1,1,0,0
606,1995,6,37,16,25,14,11,13,12,11.49,10.82,10.77,4.4,0,0,0,0,1,0,1,1,1,0,0
607,1996,7,37,16,25,17,8,15,10,11.53,10.86,10.81,4.4,0,0,0,0,1,0,1,1,1,0,0
608,1997,8,37,16,25,15,10,14,11,11.54,10.87,10.82,3.9,0,0,0,0,1,0,1,1,1,1,0
609,1998,9,37,16,23,15,8,10,13,11.57,10.9,10.85,3.6,1,0,1,0,1,0,1,1,1,1,0
610,1999,10,37,16,8,7,1,4,4,11.58,10.91,10.86,3.3,1,0,1,0,1,0,1,1,1,1,0
611,2000,11,37,16,15,10,5,8,7,11.53,10.87,10.81,3.8,1,0,1,0,1,0,1,1,1,1,0
612,2001,12,37,16,22,13,9,13,9,11.58,10.92,10.86,5.6,1,0,1,0,1,0,1,1,1,1,0
613,2002,13,37,16,16,9,7,11,5,11.59,10.92,10.88,6.6,1,0,1,0,1,0,1,1,1,1,0
614,2003,14,37,16,19,10,9,12,7,11.61,10.94,10.9,6.5,1,0,0,1,1,0,1,1,1,1,0
615,2004,15,37,16,25,13,12,15,10,11.64,10.96,10.93,5.5,1,0,0,1,1,0,1,1,1,1,0
616,2005,16,37,16,17,14,3,8,9,11.67,11,10.96,5.3,1,0,0,1,1,0,1,1,1,1,0
617,2006,17,37,16,16,10,6,11,5,11.73,11.06,11.02,4.8,1,0,0,1,1,0,1,1,1,1,0
618,2007,18,37,16,13,9,4,9,4,11.74,11.07,11.02,4.7,1,0,0,1,1,1,1,1,1,1,0
619,2008,19,37,16,7,4,3,5,2,11.73,11.06,11.01,6.3,1,0,0,1,1,1,1,1,1,1,0
620,2009,20,37,16,12,5,7,7,5,11.73,11.05,11.02,10.7,1,0,0,1,1,1,1,1,1,1,0
621,1990,1,38,16,0,0,0,0,0,9.04,8.38,8.32,4.1,0,0,0,0,0,0,0,0,0,0,0
622,1991,2,38,16,1,1,0,1,0,9.09,8.43,8.37,4.4,0,0,0,0,0,0,0,0,0,0,0
623,1992,3,38,16,3,3,0,3,0,9.11,8.44,8.38,4.7,0,0,0,0,0,0,0,0,0,0,0
624,1993,4,38,16,0,0,0,0,0,9.15,8.49,8.43,4.4,0,0,0,0,0,0,0,0,0,0,0
625,1994,5,38,16,1,1,0,1,0,9.17,8.51,8.45,3.7,0,0,0,0,0,0,0,0,0,0,0
626,1995,6,38,16,3,2,1,2,1,9.2,8.54,8.48,3.3,0,0,0,0,1,0,0,0,0,0,0
627,1996,7,38,16,2,0,2,2,0,9.25,8.59,8.52,3.2,0,0,0,0,1,0,0,0,0,0,0
628,1997,8,38,16,0,0,0,0,0,9.24,8.58,8.51,2.9,0,0,0,0,1,0,0,0,0,0,0
629,1998,9,38,16,0,0,0,0,0,9.28,8.62,8.55,3,0,0,0,0,1,0,0,1,0,0,0
630,1999,10,38,16,2,0,2,1,1,9.27,8.61,8.54,3.2,0,0,0,0,1,0,0,1,0,0,0
631,2000,11,38,16,2,1,1,2,0,9.23,8.56,8.51,2.9,1,1,0,0,1,0,0,1,0,0,0
632,2001,12,38,16,1,0,1,1,0,9.23,8.56,8.52,2.8,1,1,0,0,1,0,0,1,0,0,0
633,2002,13,38,16,1,0,1,1,0,9.2,8.54,8.47,3.5,1,1,0,0,1,0,0,1,0,0,0
634,2003,14,38,16,0,0,0,0,0,9.14,8.47,8.43,3.6,1,1,0,0,1,0,0,1,0,0,0
635,2004,15,38,16,1,0,1,1,0,9.13,8.5,8.37,3.5,1,1,0,0,1,0,1,1,1,1,1
636,2005,16,38,16,3,1,2,1,2,9.12,8.44,8.41,3.5,1,1,0,0,1,0,1,1,1,1,1
637,2006,17,38,16,4,2,2,4,0,9.11,8.46,8.38,3.2,1,1,0,0,1,0,1,1,1,1,1
638,2007,18,38,16,2,0,2,2,0,9.07,8.39,8.37,3.1,1,1,0,0,1,0,1,1,1,1,1
639,2008,19,38,16,1,0,1,1,0,9.06,8.4,8.32,3.2,1,1,0,0,1,0,1,1,1,1,1
640,2009,20,38,16,2,1,1,2,0,9.02,8.36,8.3,4.2,1,1,0,0,1,0,1,1,1,1,1
641,1990,1,39,16,18,11,7,12,6,11.89,11.22,11.17,5.7,0,0,0,0,1,0,0,0,0,0,0
642,1991,2,39,16,21,11,10,10,11,11.91,11.25,11.19,6.6,0,0,0,0,1,0,0,1,0,0,0
643,1992,3,39,16,19,16,3,12,7,11.9,11.23,11.18,7.4,0,0,0,0,1,0,0,1,0,0,0
644,1993,4,39,16,21,14,7,11,10,11.94,11.27,11.22,6.7,0,0,0,0,1,0,0,1,0,0,0
645,1994,5,39,16,17,12,5,9,8,11.95,11.29,11.23,5.6,0,0,0,0,1,0,0,1,0,0,0
646,1995,6,39,16,24,17,7,15,9,11.98,11.32,11.26,4.9,0,0,0,0,1,0,0,1,0,0,0
647,1996,7,39,16,29,16,13,13,16,12.03,11.36,11.3,5,0,0,0,0,1,0,0,1,0,0,0
648,1997,8,39,16,17,13,4,8,9,12.02,11.36,11.3,4.6,0,0,0,0,1,0,0,1,0,0,1
649,1998,9,39,16,24,19,5,16,8,12.04,11.37,11.32,4.3,0,0,0,0,1,0,0,1,0,0,1
650,1999,10,39,16,15,9,6,8,7,12.03,11.36,11.3,4.3,1,0,1,0,1,0,0,1,0,0,1
651,2000,11,39,16,12,6,6,3,9,11.99,11.32,11.27,4,1,0,1,0,1,0,0,1,0,0,1
652,2001,12,39,16,19,12,7,12,7,12.02,11.35,11.3,4.4,1,0,1,0,1,0,0,1,0,0,1
653,2002,13,39,16,32,15,17,19,13,12.01,11.35,11.29,5.7,1,0,1,0,1,0,0,1,0,0,1
654,2003,14,39,16,15,9,6,7,8,12,11.33,11.28,6.2,1,0,1,0,1,0,0,1,0,0,1
655,2004,15,39,16,14,10,4,11,3,12.01,11.34,11.28,6.1,1,0,1,0,1,0,1,1,1,0,1
656,2005,16,39,16,17,12,5,10,7,12.02,11.35,11.3,5.8,1,0,1,0,1,0,1,1,1,0,1
657,2006,17,39,16,17,13,4,9,8,12.04,11.38,11.32,5.4,1,0,1,0,1,0,1,1,1,0,1
658,2007,18,39,16,14,8,6,7,7,12.03,11.36,11.31,5.6,1,0,0,1,1,0,1,1,1,0,1
659,2008,19,39,16,13,11,2,8,5,12.01,11.34,11.29,6.6,1,0,0,1,1,0,1,1,1,0,1
660,2009,20,39,16,7,5,2,5,2,11.99,11.31,11.27,10.1,1,0,0,1,1,0,1,1,1,0,1
661,1990,1,40,16,12,8,4,9,3,10.69,10.03,9.97,5.7,0,0,0,0,1,0,0,0,0,0,0
662,1991,2,40,16,9,6,3,6,3,10.73,10.07,10.01,6.2,0,0,0,0,1,0,0,0,0,0,0
663,1992,3,40,16,17,12,5,9,8,10.73,10.07,10.01,6.2,0,0,0,0,1,0,0,0,0,0,0
664,1993,4,40,16,8,2,6,3,5,10.78,10.11,10.05,6,0,0,0,0,1,0,0,0,0,0,0
665,1994,5,40,16,17,12,5,12,5,10.78,10.12,10.05,5.6,0,0,0,0,1,0,0,0,0,0,0
666,1995,6,40,16,11,6,5,5,6,10.82,10.16,10.09,4.6,0,0,0,0,1,0,0,1,0,0,0
667,1996,7,40,16,14,7,7,10,4,10.87,10.21,10.15,4.2,0,0,0,0,1,0,0,1,0,0,0
668,1997,8,40,16,12,4,8,8,4,10.88,10.22,10.15,4.2,0,0,0,0,1,0,0,1,0,1,0
669,1998,9,40,16,11,9,2,8,3,10.91,10.25,10.18,4.3,0,0,0,0,1,1,0,1,1,1,0
670,1999,10,40,16,9,4,5,7,2,10.91,10.25,10.19,3.6,0,0,0,0,1,1,0,1,1,1,0
671,2000,11,40,16,14,8,6,7,7,10.87,10.21,10.15,3.1,0,0,0,0,1,1,0,1,1,1,0
672,2001,12,40,16,10,3,7,4,6,10.87,10.2,10.14,3.7,0,0,0,0,1,1,0,1,1,1,0
673,2002,13,40,16,7,4,3,3,4,10.86,10.19,10.14,4.9,0,0,0,0,1,1,1,1,1,1,0
674,2003,14,40,16,7,4,3,1,6,10.83,10.17,10.11,5.7,0,0,0,0,1,1,1,1,1,1,0
675,2004,15,40,16,12,10,2,10,2,10.82,10.15,10.11,5,0,0,0,0,1,1,1,1,1,1,0
676,2005,16,40,16,7,5,2,5,2,10.83,10.16,10.11,4.5,0,0,0,0,1,1,1,1,1,1,0
677,2006,17,40,16,6,3,3,5,1,10.86,10.2,10.15,4.1,1,0,0,1,1,1,1,1,1,1,0
678,2007,18,40,16,8,6,2,6,2,10.84,10.17,10.13,4.1,1,0,0,1,1,1,1,1,1,1,0
679,2008,19,40,16,4,1,3,3,1,10.85,10.18,10.13,3.7,1,0,0,1,1,1,1,1,1,1,0
680,2009,20,40,16,10,7,3,6,4,10.82,10.15,10.1,6.6,1,0,0,1,1,1,1,1,1,1,0
681,1990,1,41,16,9,6,3,4,5,10.53,9.86,9.81,5.4,0,0,0,0,0,0,1,1,1,0,1
682,1991,2,41,16,4,4,0,3,1,10.58,9.92,9.86,6.4,0,0,0,0,1,1,1,1,1,0,1
683,1992,3,41,16,6,3,3,4,2,10.6,9.94,9.88,7.3,0,0,0,0,1,1,1,1,1,0,1
684,1993,4,41,16,9,6,3,6,3,10.66,9.99,9.94,7,0,0,0,0,1,1,1,1,1,0,1
685,1994,5,41,16,4,2,2,2,2,10.68,10.01,9.96,5.5,0,0,0,0,1,1,1,1,1,0,1
686,1995,6,41,16,6,4,2,3,3,10.72,10.06,10,4.9,0,0,0,0,1,1,1,1,1,0,1
687,1996,7,41,16,6,5,1,5,1,10.77,10.11,10.05,5.7,0,0,0,0,1,1,1,1,1,0,1
688,1997,8,41,16,3,2,1,1,2,10.78,10.12,10.06,5.6,0,0,0,0,1,1,1,1,1,0,1
689,1998,9,41,16,7,5,2,3,4,10.81,10.15,10.09,5.7,0,0,0,0,1,1,1,1,1,0,1
690,1999,10,41,16,6,2,4,3,3,10.81,10.14,10.08,5.5,0,0,0,0,1,1,1,1,1,0,1
691,2000,11,41,16,4,1,3,1,3,10.8,10.13,10.08,5.1,1,0,0,1,1,1,1,1,1,0,1
692,2001,12,41,16,2,0,2,1,1,10.81,10.15,10.09,6.4,1,0,0,1,1,1,1,1,1,0,1
693,2002,13,41,16,4,4,0,4,0,10.8,10.14,10.08,7.6,1,0,0,1,1,1,1,1,1,0,1
694,2003,14,41,16,8,7,1,4,4,10.8,10.14,10.08,8.2,1,0,0,1,1,1,1,1,1,0,1
695,2004,15,41,16,2,2,0,1,1,10.79,10.12,10.08,7.3,1,0,0,1,1,1,1,1,1,0,1
696,2005,16,41,16,8,7,1,5,3,10.83,10.16,10.1,6.2,1,0,0,1,1,1,1,1,1,0,1
697,2006,17,41,16,1,0,1,1,0,10.87,10.21,10.14,5.4,1,0,0,1,1,1,1,1,1,0,1
698,2007,18,41,16,6,4,2,5,1,10.84,10.18,10.12,5.2,1,0,0,1,1,1,1,1,1,0,1
699,2008,19,41,16,1,1,0,0,1,10.84,10.16,10.12,6.5,1,0,0,1,1,1,1,1,1,0,1
700,2009,20,41,16,3,0,3,1,2,10.81,10.14,10.09,11.1,1,0,0,1,1,1,1,1,1,0,1
701,1990,1,42,16,15,12,3,8,7,11.9,11.23,11.18,5.4,0,0,0,0,1,0,0,0,0,0,0
702,1991,2,42,16,19,17,2,14,5,11.92,11.25,11.2,6.9,0,0,0,0,1,0,0,0,0,0,0
703,1992,3,42,16,17,10,7,12,5,11.9,11.23,11.18,7.7,0,0,0,0,1,0,0,0,0,0,0
704,1993,4,42,16,20,15,5,7,13,11.95,11.28,11.22,7.1,0,0,0,0,1,0,0,0,0,0,0
705,1994,5,42,16,13,11,2,8,5,11.95,11.29,11.23,6.3,0,0,0,0,1,0,0,0,0,0,0
706,1995,6,42,16,18,10,8,14,4,11.98,11.31,11.26,5.9,0,0,0,0,1,0,0,0,0,0,0
707,1996,7,42,16,12,7,5,8,4,12.02,11.35,11.3,5.5,0,0,0,0,1,0,0,0,0,0,0
708,1997,8,42,16,23,18,5,14,9,12.01,11.34,11.29,5.1,0,0,0,0,1,0,0,1,0,0,1
709,1998,9,42,16,21,12,9,8,13,12.04,11.37,11.32,4.6,0,0,0,0,1,0,0,1,0,0,1
710,1999,10,42,16,21,15,6,11,10,12.04,11.37,11.32,4.4,0,0,0,0,1,0,0,1,0,0,1
711,2000,11,42,16,8,6,2,4,4,12.02,11.36,11.29,4.2,1,0,1,0,1,0,0,1,0,0,1
712,2001,12,42,16,13,8,5,11,2,12.04,11.38,11.31,4.8,1,0,1,0,1,0,0,1,0,0,1
713,2002,13,42,16,14,8,6,12,2,12.05,11.39,11.33,5.6,1,0,1,0,1,0,0,1,0,0,1
714,2003,14,42,16,16,13,3,9,7,12.06,11.39,11.33,5.7,1,0,1,0,1,0,0,1,0,0,1
715,2004,15,42,16,10,6,4,4,6,12.06,11.4,11.34,5.4,1,0,1,0,1,0,1,1,0,0,1
716,2005,16,42,16,12,9,3,9,3,12.08,11.42,11.36,5,1,0,1,0,1,0,1,1,0,0,1
717,2006,17,42,16,9,6,3,5,4,12.11,11.44,11.39,4.6,1,0,1,0,1,0,1,1,0,0,1
718,2007,18,42,16,14,10,4,9,5,12.09,11.42,11.36,4.3,1,0,1,0,1,0,1,1,0,0,1
719,2008,19,42,16,5,2,3,3,2,12.07,11.4,11.35,5.3,1,0,1,0,1,0,1,1,0,0,1
720,2009,20,42,16,3,2,1,3,0,12.05,11.38,11.32,8,1,0,1,0,1,0,1,1,0,0,1
721,1990,1,44,16,1,1,0,1,0,9.35,8.7,8.62,6.1,0,0,0,0,0,0,0,0,0,0,0
722,1991,2,44,16,1,0,1,1,0,9.36,8.7,8.62,8.1,0,0,0,0,0,0,0,0,0,0,0
723,1992,3,44,16,0,0,0,0,0,9.32,8.67,8.59,8.9,0,0,0,0,1,0,0,0,0,0,0
724,1993,4,44,16,0,0,0,0,0,9.38,8.73,8.65,7.9,0,0,0,0,1,0,0,0,0,0,0
725,1994,5,44,16,0,0,0,0,0,9.4,8.74,8.67,6.8,0,0,0,0,1,0,0,0,0,0,0
726,1995,6,44,16,1,1,0,0,1,9.43,8.77,8.69,6.1,0,0,0,0,1,0,0,0,0,0,0
727,1996,7,44,16,0,0,0,0,0,9.46,8.8,8.73,5.4,0,0,0,0,1,0,0,0,0,0,0
728,1997,8,44,16,1,1,0,0,1,9.46,8.8,8.73,5.2,0,0,0,0,1,0,0,1,0,0,1
729,1998,9,44,16,2,2,0,2,0,9.5,8.84,8.76,4.6,0,0,0,0,1,0,0,1,0,0,1
730,1999,10,44,16,0,0,0,0,0,9.51,8.86,8.78,4.2,1,0,1,0,1,0,0,1,0,0,1
731,2000,11,44,16,1,1,0,1,0,9.51,8.85,8.78,4.2,1,0,1,0,1,0,0,1,0,0,1
732,2001,12,44,16,0,0,0,0,0,9.54,8.88,8.82,4.5,1,0,1,0,1,0,1,1,0,0,1
733,2002,13,44,16,3,3,0,3,0,9.53,8.87,8.8,5.1,1,0,1,0,1,0,1,1,0,0,1
734,2003,14,44,16,1,1,0,1,0,9.56,8.9,8.84,5.4,1,0,1,0,1,0,1,1,0,0,1
735,2004,15,44,16,0,0,0,0,0,9.57,8.89,8.86,5.2,1,0,1,0,1,0,1,1,0,0,1
736,2005,16,44,16,1,1,0,1,0,9.58,8.92,8.84,5.1,1,0,0,0,1,0,1,1,0,0,1
737,2006,17,44,16,0,0,0,0,0,9.63,8.96,8.91,5,1,0,0,1,1,0,1,1,0,0,1
738,2007,18,44,16,0,0,0,0,0,9.59,8.92,8.87,5.3,1,0,0,1,1,0,1,1,0,0,1
739,2008,19,44,16,0,0,0,0,0,9.56,8.9,8.84,7.7,1,0,0,1,1,0,1,1,0,0,1
740,2009,20,44,16,0,0,0,0,0,9.54,8.87,8.83,10.8,1,0,0,1,1,0,1,1,0,0,1
741,1990,1,45,16,9,2,7,4,5,10.82,10.15,10.1,4.8,0,0,0,0,1,0,0,0,0,0,0
742,1991,2,45,16,10,7,3,3,7,10.83,10.16,10.11,6,0,0,0,0,1,0,0,0,0,0,0
743,1992,3,45,16,8,5,3,5,3,10.8,10.13,10.09,6.6,0,0,0,0,1,0,0,0,0,0,0
744,1993,4,45,16,5,3,2,4,1,10.85,10.17,10.13,7.2,0,0,0,0,1,0,0,0,0,0,0
745,1994,5,45,16,4,4,0,3,1,10.85,10.18,10.13,6.1,0,0,0,0,1,0,0,0,0,0,0
746,1995,6,45,16,12,11,1,6,6,10.86,10.19,10.15,5.1,0,0,0,0,1,0,0,0,0,0,0
747,1996,7,45,16,16,13,3,8,8,10.91,10.24,10.2,5.6,0,0,0,0,1,0,0,0,0,0,0
748,1997,8,45,16,13,8,5,10,3,10.91,10.24,10.19,4.4,0,0,0,0,1,0,0,0,0,0,0
749,1998,9,45,16,11,8,3,5,6,10.91,10.24,10.19,3.6,0,0,0,0,1,0,0,0,1,0,0
750,1999,10,45,16,17,12,5,13,4,10.9,10.23,10.18,4,1,1,0,0,1,0,0,1,1,0,0
751,2000,11,45,16,9,6,3,7,2,10.93,10.26,10.22,3.6,1,1,0,0,1,0,0,1,1,1,1
752,2001,12,45,16,13,7,6,6,7,10.96,10.29,10.24,5.2,1,1,0,0,1,0,0,1,1,1,1
753,2002,13,45,16,10,5,5,5,5,10.95,10.28,10.24,6,1,0,1,0,1,0,0,1,1,1,1
754,2003,14,45,16,7,2,5,6,1,10.96,10.29,10.24,6.7,1,0,1,0,1,0,0,1,1,1,1
755,2004,15,45,16,9,7,2,5,4,10.98,10.3,10.27,6.9,1,0,1,0,1,0,1,1,1,1,1
756,2005,16,45,16,3,2,1,3,0,11.02,10.35,10.31,6.8,1,0,1,0,1,0,1,1,1,1,1
757,2006,17,45,16,6,4,2,5,1,11.07,10.4,10.35,6.4,1,0,1,0,1,1,1,1,1,1,1
758,2007,18,45,16,5,4,1,4,1,11.05,10.39,10.33,5.6,1,0,1,0,1,1,1,1,1,1,1
759,2008,19,45,16,6,4,2,4,2,11.04,10.36,10.33,6.8,1,0,1,0,1,1,1,1,1,1,1
760,2009,20,45,16,6,3,3,5,1,11.03,10.36,10.31,11.3,1,0,1,0,1,1,1,1,1,1,1
761,1990,1,46,16,0,0,0,0,0,9.19,8.51,8.48,3.7,0,0,0,0,0,0,0,0,0,0,0
762,1991,2,46,16,1,0,1,0,1,9.25,8.58,8.53,3.6,0,0,0,0,0,0,0,0,0,0,0
763,1992,3,46,16,2,2,0,2,0,9.27,8.6,8.56,3.6,0,0,0,0,0,0,0,0,0,0,0
764,1993,4,46,16,1,1,0,0,1,9.33,8.66,8.62,3.5,0,0,0,0,0,0,0,0,0,0,0
765,1994,5,46,16,2,2,0,0,2,9.35,8.67,8.63,3.4,0,0,0,0,0,0,0,0,0,0,0
766,1995,6,46,16,1,0,1,1,0,9.39,8.72,8.68,3.2,0,0,0,0,1,0,0,0,0,0,0
767,1996,7,46,16,0,0,0,0,0,9.44,8.76,8.72,3.4,0,0,0,0,1,0,0,0,0,1,0
768,1997,8,46,16,1,0,1,1,0,9.44,8.77,8.72,3.1,0,0,0,0,1,0,0,0,0,1,0
769,1998,9,46,16,2,1,1,2,0,9.44,8.77,8.73,3,0,0,0,0,1,0,0,0,0,1,0
770,1999,10,46,16,5,3,2,2,3,9.44,8.76,8.72,2.8,1,1,0,0,1,0,0,1,0,1,0
771,2000,11,46,16,0,0,0,0,0,9.44,8.76,8.73,2.7,1,1,0,0,1,0,0,1,0,1,0
772,2001,12,46,16,2,1,1,1,1,9.44,8.79,8.71,3.1,1,1,0,0,1,0,0,1,0,1,0
773,2002,13,46,16,1,0,1,0,1,9.43,8.79,8.68,3.3,1,1,0,0,1,0,0,1,0,1,0
774,2003,14,46,16,4,1,3,2,2,9.4,8.74,8.68,3.5,1,1,0,0,1,0,1,1,0,1,0
775,2004,15,46,16,1,1,0,1,0,9.38,8.7,8.67,3.7,1,1,0,0,1,0,1,1,0,1,0
776,2005,16,46,16,2,1,1,0,2,9.39,8.73,8.65,3.7,1,1,0,0,1,0,1,1,0,1,0
777,2006,17,46,16,5,4,1,4,1,9.39,8.72,8.67,3.1,1,1,0,0,1,0,1,1,0,1,0
778,2007,18,46,16,2,0,2,2,0,9.36,8.7,8.62,2.9,1,1,0,0,1,0,1,1,0,1,0
779,2008,19,46,16,2,1,1,0,2,9.36,8.69,8.64,3.2,1,1,0,0,1,0,1,1,0,1,0
780,2009,20,46,16,2,0,2,2,0,9.32,8.65,8.61,4.9,1,1,0,0,1,0,1,1,0,1,0
781,1990,1,47,16,9,7,2,5,4,11.12,10.46,10.39,5.5,0,0,0,0,1,0,0,0,0,0,0
782,1991,2,47,16,18,16,2,13,5,11.13,10.47,10.4,6.7,0,0,0,0,1,0,0,0,0,0,0
783,1992,3,47,16,12,7,5,8,4,11.11,10.45,10.38,6.5,0,0,0,0,1,0,0,0,0,0,0
784,1993,4,47,16,17,8,9,8,9,11.17,10.51,10.44,6,0,0,0,0,1,0,0,0,0,0,0
785,1994,5,47,16,29,21,8,18,11,11.19,10.53,10.46,5.1,0,0,0,0,1,0,0,0,0,0,0
786,1995,6,47,16,30,18,12,15,15,11.22,10.55,10.49,5.4,0,0,0,0,1,0,0,1,0,0,0
787,1996,7,47,16,29,20,9,19,10,11.25,10.59,10.53,5.4,0,0,0,0,1,0,0,1,0,0,0
788,1997,8,47,16,16,13,3,10,6,11.24,10.58,10.51,5.3,0,0,0,0,1,0,0,1,0,0,0
789,1998,9,47,16,18,11,7,13,5,11.25,10.58,10.52,4.5,0,0,0,0,1,0,0,1,0,1,0
790,1999,10,47,16,25,12,13,18,7,11.24,10.58,10.51,4.2,0,0,0,0,1,0,0,1,0,1,0
791,2000,11,47,16,21,12,9,16,5,11.25,10.59,10.52,4,0,0,0,0,1,0,0,1,0,1,0
792,2001,12,47,16,21,14,7,15,6,11.28,10.61,10.56,4.7,0,0,0,0,1,0,0,1,0,1,0
793,2002,13,47,16,15,11,4,11,4,11.28,10.61,10.56,5.3,1,0,0,1,1,0,0,1,0,1,0
794,2003,14,47,16,12,5,7,9,3,11.27,10.6,10.56,5.7,1,0,0,1,1,0,0,1,0,1,0
795,2004,15,47,16,20,11,9,11,9,11.29,10.63,10.57,5.4,1,0,0,1,1,0,1,1,0,1,0
796,2005,16,47,16,15,9,6,11,4,11.33,10.66,10.62,5.6,1,0,0,1,1,1,1,1,0,1,0
797,2006,17,47,16,15,12,3,7,8,11.37,10.7,10.64,5.2,1,0,0,1,1,1,1,1,0,1,0
798,2007,18,47,16,13,5,8,9,4,11.37,10.71,10.65,4.9,1,0,0,1,1,1,1,1,0,1,0
799,2008,19,47,16,15,12,3,9,6,11.36,10.68,10.64,6.6,1,0,0,1,1,1,1,1,0,1,0
800,2009,20,47,16,9,7,2,8,1,11.34,10.67,10.62,10.4,1,0,0,1,1,1,1,1,0,1,0
801,1990,1,48,16,32,22,10,20,12,12.43,11.76,11.71,6.4,0,0,0,0,0,1,0,0,0,0,0
802,1991,2,48,16,37,24,13,25,12,12.46,11.79,11.74,7,0,0,0,0,0,1,0,0,0,0,0
803,1992,3,48,16,35,28,7,24,11,12.45,11.78,11.73,7.6,0,0,0,0,0,1,0,0,0,0,0
804,1993,4,48,16,33,18,15,25,8,12.49,11.82,11.77,7.2,0,0,0,0,0,1,0,0,0,0,0
805,1994,5,48,16,23,15,8,13,10,12.5,11.83,11.78,6.6,0,0,0,0,0,1,0,1,0,0,0
806,1995,6,48,16,42,32,10,25,17,12.54,11.87,11.82,6.1,0,0,0,0,0,1,0,1,1,0,0
807,1996,7,48,16,61,37,24,28,33,12.61,11.94,11.89,5.8,0,0,0,0,0,1,0,1,1,0,0
808,1997,8,48,16,41,26,15,20,21,12.62,11.95,11.9,5.4,0,0,0,0,0,1,0,1,1,0,0
809,1998,9,48,16,39,23,16,23,16,12.65,11.98,11.93,4.9,0,0,0,0,0,1,0,1,1,0,0
810,1999,10,48,16,34,16,18,16,18,12.65,11.99,11.93,4.7,0,0,0,0,0,1,0,1,1,0,0
811,2000,11,48,16,44,30,14,23,21,12.68,12.02,11.96,4.4,0,0,0,0,0,1,1,1,1,1,1
812,2001,12,48,16,48,30,18,27,21,12.71,12.04,11.99,5,0,0,0,0,0,1,1,1,1,1,1
813,2002,13,48,16,41,24,17,23,18,12.71,12.04,11.99,6.4,1,0,1,0,0,1,1,1,1,1,1
814,2003,14,48,16,28,13,15,15,13,12.72,12.05,12,6.7,1,0,1,0,0,1,1,1,1,1,1
815,2004,15,48,16,32,20,12,19,13,12.72,12.06,12,6,1,0,1,0,0,1,1,1,1,1,1
816,2005,16,48,16,17,15,2,11,6,12.74,12.07,12.01,5.4,1,0,1,0,0,1,1,1,1,1,1
817,2006,17,48,16,20,10,10,11,9,12.78,12.12,12.06,4.9,1,0,1,0,0,1,1,1,1,1,1
818,2007,18,48,16,24,18,6,10,14,12.78,12.11,12.06,4.4,1,0,1,0,0,1,1,1,1,1,1
819,2008,19,48,16,25,13,12,13,12,12.79,12.12,12.07,5,1,0,1,0,0,1,1,1,1,1,1
820,2009,20,48,16,15,10,5,6,9,12.79,12.12,12.07,7.5,1,0,1,0,0,1,1,1,1,1,1
821,1990,1,49,16,4,4,0,4,0,10.3,9.63,9.58,4.5,0,0,0,0,1,0,1,0,1,0,0
822,1991,2,49,16,5,1,4,5,0,10.38,9.71,9.65,4.8,0,0,0,0,1,0,1,0,1,0,0
823,1992,3,49,16,2,2,0,1,1,10.43,9.77,9.71,4.9,0,0,0,0,1,0,1,0,1,0,0
824,1993,4,49,16,2,2,0,2,0,10.55,9.88,9.82,4.1,0,0,0,0,1,0,1,0,1,0,0
825,1994,5,49,16,3,1,2,1,2,10.57,9.9,9.84,3.8,0,0,0,0,1,0,1,0,1,0,0
826,1995,6,49,16,7,2,5,4,3,10.6,9.93,9.87,3.5,0,0,0,0,1,0,1,0,1,0,0
827,1996,7,49,16,4,3,1,3,1,10.64,9.97,9.91,3.4,0,0,0,0,1,0,1,0,1,0,0
828,1997,8,49,16,5,4,1,3,2,10.63,9.96,9.91,3.2,0,0,0,0,1,0,1,0,1,1,1
829,1998,9,49,16,5,1,4,2,3,10.64,9.97,9.92,3.7,0,0,0,0,1,0,1,1,1,1,1
830,1999,10,49,16,5,5,0,3,2,10.62,9.95,9.89,3.6,0,0,0,0,1,0,1,1,1,1,1
831,2000,11,49,16,3,2,1,0,3,10.63,9.97,9.9,3.4,1,0,1,0,1,0,1,1,1,1,1
832,2001,12,49,16,4,2,2,2,2,10.63,9.97,9.9,4.4,1,0,1,0,1,0,1,1,1,1,1
833,2002,13,49,16,7,6,1,4,3,10.6,9.93,9.89,5.8,1,0,1,0,1,0,1,1,1,1,1
834,2003,14,49,16,5,4,1,3,2,10.59,9.92,9.87,5.6,1,0,0,0,1,0,1,1,1,1,1
835,2004,15,49,16,4,2,2,2,2,10.58,9.91,9.87,5,1,0,0,1,1,0,1,1,1,1,1
836,2005,16,49,16,4,3,1,2,2,10.61,9.95,9.89,4.1,1,0,0,1,1,0,1,1,1,1,1
837,2006,17,49,16,4,3,1,3,1,10.64,9.97,9.92,3,1,0,0,1,1,0,1,1,1,1,1
838,2007,18,49,16,1,0,1,1,0,10.65,9.99,9.92,2.7,1,0,0,1,1,0,1,1,1,1,1
839,2008,19,49,16,2,2,0,2,0,10.64,9.98,9.92,3.8,1,0,0,1,1,0,1,1,1,1,1
840,2009,20,49,16,1,0,1,0,1,10.65,9.98,9.92,7.1,1,0,0,1,1,0,1,1,1,1,1
841,1990,1,50,16,0,0,0,0,0,8.87,8.2,8.15,5,0,0,0,0,0,0,0,0,1,0,1
842,1991,2,50,16,0,0,0,0,0,8.9,8.24,8.18,6.7,0,0,0,0,0,0,0,0,1,0,1
843,1992,3,50,16,3,3,0,3,0,8.89,8.23,8.17,6.4,0,0,0,0,0,0,1,1,1,0,1
844,1993,4,50,16,1,1,0,1,0,8.94,8.28,8.22,5.2,0,0,0,0,0,0,1,1,1,0,1
845,1994,5,50,16,0,0,0,0,0,8.96,8.29,8.24,4.6,0,0,0,0,1,0,1,1,1,0,1
846,1995,6,50,16,1,0,1,1,0,9,8.34,8.28,4.3,0,0,0,0,1,0,1,1,1,0,1
847,1996,7,50,16,1,0,1,0,1,9.06,8.39,8.34,4.4,0,0,0,0,1,0,1,1,1,0,1
848,1997,8,50,16,1,1,0,0,1,9.05,8.39,8.33,3.9,0,0,0,0,1,0,1,1,1,0,1
849,1998,9,50,16,2,2,0,2,0,9.08,8.42,8.36,3.1,0,0,0,0,1,0,1,1,1,0,1
850,1999,10,50,16,3,2,1,1,2,9.09,8.42,8.37,2.9,0,0,0,0,1,0,1,1,1,0,1
851,2000,11,50,16,0,0,0,0,0,9.11,8.44,8.39,2.7,0,0,0,0,1,0,1,1,1,0,1
852,2001,12,50,16,0,0,0,0,0,9.12,8.47,8.39,3.3,1,0,1,0,1,0,1,1,1,0,1
853,2002,13,50,16,2,2,0,0,2,9.11,8.44,8.39,4,1,0,1,0,1,0,1,1,1,0,1
854,2003,14,50,16,2,2,0,1,1,9.12,8.46,8.39,4.5,1,0,1,0,1,0,1,1,1,0,1
855,2004,15,50,16,1,0,1,1,0,9.12,8.46,8.39,3.7,1,0,1,0,1,0,1,1,1,0,1
856,2005,16,50,16,2,1,1,2,0,9.12,8.46,8.4,3.5,1,0,1,0,1,0,1,1,1,0,1
857,2006,17,50,16,3,1,2,2,1,9.12,8.47,8.4,3.7,1,0,1,0,1,0,1,1,1,0,1
858,2007,18,50,16,1,1,0,1,0,9.1,8.44,8.36,3.9,1,0,1,0,1,0,1,1,1,0,1
859,2008,19,50,16,1,1,0,1,0,9.05,8.36,8.35,4.5,1,0,1,0,1,0,1,1,1,0,1
860,2009,20,50,16,1,0,1,1,0,9.01,8.35,8.28,6.9,1,0,1,0,1,0,1,1,1,0,1
861,1990,1,51,16,18,13,5,14,4,11.27,10.6,10.55,4.5,0,0,0,0,1,0,0,0,0,0,0
862,1991,2,51,16,15,11,4,10,5,11.28,10.61,10.56,5.9,0,0,0,0,1,0,0,0,0,0,0
863,1992,3,51,16,5,4,1,3,2,11.26,10.6,10.54,6.2,0,0,0,0,1,0,0,0,0,0,0
864,1993,4,51,16,10,3,7,7,3,11.31,10.64,10.59,5.2,0,0,0,0,1,0,0,0,0,0,0
865,1994,5,51,16,16,9,7,10,6,11.32,10.65,10.6,4.8,0,0,0,0,1,0,0,0,0,0,0
866,1995,6,51,16,15,12,3,9,6,11.34,10.67,10.62,4.4,0,0,0,0,1,0,1,1,1,0,0
867,1996,7,51,16,9,7,2,5,4,11.39,10.72,10.67,4.3,0,0,0,0,1,0,1,1,1,0,1
868,1997,8,51,16,8,6,2,7,1,11.39,10.72,10.67,3.7,0,0,0,0,1,0,1,1,1,0,1
869,1998,9,51,16,16,8,8,6,10,11.42,10.75,10.7,2.8,0,0,0,0,1,0,1,1,1,0,1
870,1999,10,51,16,9,8,1,7,2,11.42,10.76,10.7,2.7,1,0,1,0,1,0,1,1,1,0,1
871,2000,11,51,16,11,5,6,7,4,11.45,10.79,10.72,2.3,1,0,1,0,1,0,1,1,1,0,1
872,2001,12,51,16,18,15,3,10,8,11.49,10.82,10.77,3.2,1,0,0,0,1,0,1,1,1,0,1
873,2002,13,51,16,11,9,2,6,5,11.5,10.84,10.78,4.2,1,0,0,1,1,0,1,1,1,0,1
874,2003,14,51,16,8,2,6,5,3,11.51,10.84,10.8,4.1,1,0,0,1,1,0,1,1,1,0,1
875,2004,15,51,16,9,4,5,5,4,11.53,10.85,10.81,3.7,1,0,0,1,1,0,1,1,1,0,1
876,2005,16,51,16,14,9,5,9,5,11.55,10.88,10.83,3.5,1,0,0,1,1,0,1,1,1,0,1
877,2006,17,51,16,8,4,4,6,2,11.58,10.91,10.87,3.1,1,0,0,1,1,0,1,1,1,0,1
878,2007,18,51,16,7,6,1,5,2,11.58,10.9,10.87,3,1,0,0,1,1,0,1,1,1,0,1
879,2008,19,51,16,12,5,7,7,5,11.55,10.88,10.84,4,1,0,0,1,1,0,1,1,1,0,1
880,2009,20,51,16,7,4,3,7,0,11.55,10.88,10.83,6.8,1,0,0,1,1,0,1,1,1,0,1
881,1990,1,53,16,11,9,2,9,2,11.05,10.39,10.32,5.2,0,0,0,0,1,0,0,0,0,0,0
882,1991,2,53,16,3,3,0,3,0,11.09,10.44,10.36,6.3,0,0,0,0,1,0,0,0,0,0,0
883,1992,3,53,16,7,5,2,6,1,11.11,10.45,10.38,7.2,0,0,0,0,1,0,0,0,0,0,0
884,1993,4,53,16,6,5,1,3,3,11.17,10.52,10.44,7.1,0,0,0,0,1,0,0,0,0,0,0
885,1994,5,53,16,10,8,2,6,4,11.19,10.53,10.46,6.5,0,0,0,0,1,0,0,0,0,0,0
886,1995,6,53,16,11,8,3,7,4,11.24,10.58,10.51,6.3,0,0,0,0,1,0,0,0,0,0,0
887,1996,7,53,16,8,5,3,5,3,11.3,10.65,10.57,5.9,0,0,0,0,1,0,0,1,1,1,1
888,1997,8,53,16,9,7,2,5,4,11.32,10.67,10.59,4.9,0,0,0,0,1,0,0,1,1,1,1
889,1998,9,53,16,9,6,3,4,5,11.36,10.71,10.64,4.8,0,0,0,0,1,0,0,1,1,1,1
890,1999,10,53,16,4,3,1,4,0,11.37,10.71,10.64,4.9,0,0,0,0,1,0,1,1,1,1,1
891,2000,11,53,16,5,4,1,4,1,11.36,10.7,10.63,5,0,0,0,0,1,0,1,1,1,1,1
892,2001,12,53,16,6,3,3,3,3,11.38,10.72,10.66,6.2,0,0,0,0,1,0,1,1,1,1,1
893,2002,13,53,16,8,5,3,5,3,11.39,10.72,10.67,7.3,1,0,0,1,1,0,1,1,1,1,1
894,2003,14,53,16,8,4,4,4,4,11.37,10.71,10.66,7.4,1,0,0,1,1,1,1,1,1,1,1
895,2004,15,53,16,4,4,0,2,2,11.39,10.72,10.67,6.2,1,0,0,1,1,1,1,1,1,1,1
896,2005,16,53,16,8,6,2,2,6,11.4,10.73,10.68,5.5,1,0,0,1,1,1,1,1,1,1,1
897,2006,17,53,16,4,3,1,2,2,11.44,10.78,10.71,5,1,0,0,1,1,1,1,1,1,1,1
898,2007,18,53,16,2,1,1,2,0,11.42,10.76,10.7,4.6,1,0,0,1,1,1,1,1,1,1,1
899,2008,19,53,16,0,0,0,0,0,11.42,10.76,10.7,5.5,1,0,0,1,1,1,1,1,1,1,1
900,2009,20,53,16,5,3,2,2,3,11.4,10.74,10.68,9.3,1,0,0,1,1,1,1,1,1,1,1
901,1990,1,54,16,4,1,3,3,1,10.18,9.52,9.45,8.6,0,0,0,0,0,0,0,0,0,0,0
902,1991,2,54,16,8,5,3,7,1,10.21,9.55,9.47,10.5,0,0,0,0,0,0,0,0,0,0,0
903,1992,3,54,16,1,1,0,0,1,10.19,9.53,9.46,11.2,0,0,0,0,0,0,0,0,0,0,0
904,1993,4,54,16,5,5,0,3,2,10.24,9.58,9.51,10.5,0,0,0,0,0,0,0,0,0,0,0
905,1994,5,54,16,4,2,2,2,2,10.23,9.58,9.5,8.8,0,0,0,0,1,0,0,0,0,0,0
906,1995,6,54,16,6,3,3,3,3,10.24,9.59,9.51,7.8,0,0,0,0,1,0,0,1,0,0,0
907,1996,7,54,16,3,3,0,2,1,10.25,9.6,9.52,7.4,0,0,0,0,1,0,0,1,0,0,0
908,1997,8,54,16,5,3,2,3,2,10.21,9.55,9.48,6.8,0,0,0,0,1,0,0,1,0,0,0
909,1998,9,54,16,7,6,1,4,3,10.19,9.54,9.46,6.5,0,0,0,0,1,0,0,1,0,1,1
910,1999,10,54,16,5,4,1,3,2,10.16,9.5,9.43,6.2,0,0,0,0,1,0,0,1,0,1,1
911,2000,11,54,16,7,5,2,4,3,10.08,9.42,9.36,5.5,0,0,0,0,1,0,0,1,0,1,1
912,2001,12,54,16,3,2,1,2,1,10.08,9.43,9.35,5.2,1,1,0,0,1,0,0,1,0,1,1
913,2002,13,54,16,4,4,0,1,3,10.07,9.41,9.34,5.9,1,1,0,0,1,0,0,1,0,1,1
914,2003,14,54,16,3,2,1,2,1,10.05,9.39,9.33,5.9,1,1,0,0,1,0,0,1,0,1,1
915,2004,15,54,16,4,3,1,3,1,10.03,9.38,9.3,5.2,1,1,0,0,1,0,0,1,1,1,1
916,2005,16,54,16,4,4,0,2,2,10.04,9.38,9.32,4.9,1,1,0,0,1,0,1,1,1,1,1
917,2006,17,54,16,2,2,0,0,2,10.08,9.41,9.36,4.5,1,1,0,0,1,0,1,1,1,1,1
918,2007,18,54,16,3,1,2,3,0,10.07,9.39,9.35,4.2,1,1,0,0,1,0,1,1,1,1,1
919,2008,19,54,16,3,3,0,2,1,10.06,9.39,9.35,4.3,1,1,0,0,1,0,1,1,1,1,1
920,2009,20,54,16,1,1,0,1,0,10.02,9.36,9.29,7.7,1,0,0,0,1,0,1,1,1,1,1
921,1990,1,55,16,7,4,3,4,3,11.09,10.43,10.37,4.4,0,0,0,0,1,0,0,0,0,0,0
922,1991,2,55,16,10,6,4,6,4,11.14,10.47,10.41,5.3,0,0,0,0,1,0,0,1,0,0,0
923,1992,3,55,16,10,8,2,8,2,11.14,10.47,10.41,5.1,0,0,0,0,1,0,0,1,1,0,0
924,1993,4,55,16,9,5,4,5,4,11.19,10.53,10.47,4.5,0,0,0,0,1,0,0,1,1,0,0
925,1994,5,55,16,10,5,5,5,5,11.21,10.55,10.49,4.3,0,0,0,0,1,0,0,1,1,0,0
926,1995,6,55,16,11,7,4,6,5,11.25,10.59,10.53,3.7,0,0,0,0,1,0,0,1,1,0,0
927,1996,7,55,16,10,8,2,2,8,11.31,10.65,10.58,3.6,0,0,0,0,1,0,0,1,1,0,0
928,1997,8,55,16,6,4,2,2,4,11.31,10.65,10.59,3.5,0,0,0,0,1,0,0,1,1,0,1
929,1998,9,55,16,12,8,4,6,6,11.34,10.68,10.62,3.3,0,0,0,0,1,0,0,1,1,0,1
930,1999,10,55,16,8,7,1,3,5,11.34,10.68,10.62,3.1,0,0,0,0,1,0,0,1,1,0,1
931,2000,11,55,16,16,13,3,8,8,11.3,10.63,10.58,3.4,0,0,0,0,1,0,0,1,1,0,1
932,2001,12,55,16,8,3,5,2,6,11.33,10.67,10.61,4.4,1,0,0,1,1,0,0,1,1,0,1
933,2002,13,55,16,15,8,7,11,4,11.32,10.65,10.6,5.3,1,0,0,1,1,0,0,1,1,0,1
934,2003,14,55,16,11,4,7,7,4,11.31,10.65,10.58,5.6,1,0,0,1,1,0,0,1,1,0,1
935,2004,15,55,16,15,10,5,12,3,11.3,10.64,10.57,5,1,0,0,1,1,0,0,0,0,0,1
936,2005,16,55,16,11,7,4,5,6,11.3,10.64,10.57,4.8,1,0,0,1,1,0,0,0,0,0,1
937,2006,17,55,16,9,5,4,7,2,11.33,10.66,10.6,4.7,1,0,0,1,1,0,0,0,0,0,1
938,2007,18,55,16,11,6,5,8,3,11.3,10.64,10.58,4.8,1,0,0,1,1,0,0,0,0,0,1
939,2008,19,55,16,8,5,3,5,3,11.28,10.61,10.55,4.9,1,0,0,1,1,0,0,0,0,0,1
940,2009,20,55,16,3,2,1,3,0,11.26,10.59,10.53,8.8,1,0,0,1,1,0,0,0,0,0,1
941,1990,1,56,16,0,0,0,0,0,8.85,8.2,8.12,5.3,0,0,0,0,1,0,0,0,0,0,0
942,1991,2,56,16,1,1,0,1,0,8.9,8.25,8.17,5.2,0,0,0,0,1,0,0,0,0,0,0
943,1992,3,56,16,5,3,2,5,0,8.91,8.25,8.17,5.6,0,0,0,0,1,0,0,0,0,0,0
944,1993,4,56,16,2,1,1,1,1,8.97,8.31,8.23,5.5,0,0,0,0,1,0,0,0,0,0,0
945,1994,5,56,16,5,4,1,3,2,9,8.34,8.26,5,0,0,0,0,1,0,0,0,0,0,0
946,1995,6,56,16,1,1,0,1,0,9.03,8.38,8.29,4.9,0,0,0,0,1,0,0,0,0,0,0
947,1996,7,56,16,3,3,0,3,0,9.09,8.44,8.36,5.1,0,0,0,0,1,0,0,0,0,1,1
948,1997,8,56,16,3,1,2,2,1,9.08,8.42,8.34,4.8,0,0,0,0,1,0,0,0,1,1,1
949,1998,9,56,16,2,0,2,2,0,9.08,8.43,8.35,4.9,0,0,0,0,1,0,0,0,1,1,1
950,1999,10,56,16,0,0,0,0,0,9.08,8.42,8.34,4.8,0,0,0,0,1,0,0,1,1,1,1
951,2000,11,56,16,3,1,2,1,2,9.04,8.38,8.31,3.9,0,0,0,0,1,0,0,1,1,1,1
952,2001,12,56,16,2,1,1,1,1,9.04,8.38,8.31,3.9,0,0,0,0,1,0,0,1,1,1,1
953,2002,13,56,16,4,3,1,3,1,8.99,8.33,8.27,4.1,0,0,0,0,1,0,0,1,1,1,1
954,2003,14,56,16,2,2,0,2,0,8.97,8.29,8.26,4.5,0,0,0,0,1,0,1,1,1,1,1
955,2004,15,56,16,2,0,2,1,1,8.92,8.26,8.2,3.9,0,0,0,0,1,0,1,1,1,1,1
956,2005,16,56,16,2,2,0,1,1,8.91,8.26,8.17,3.7,0,0,0,0,1,0,1,1,1,1,1
957,2006,17,56,16,2,1,1,0,2,8.94,8.28,8.2,3.2,1,0,1,0,1,0,1,1,1,1,1
958,2007,18,56,16,2,2,0,1,1,8.93,8.29,8.19,2.8,1,0,1,0,1,0,1,1,1,1,1
959,2008,19,56,16,1,0,1,0,1,8.91,8.25,8.19,3.2,1,0,1,0,1,0,1,1,1,1,1
960,2009,20,56,16,2,1,1,1,1,8.9,8.24,8.16,6.5,1,0,1,0,1,0,1,1,1,1,1
